0.0,0.0,0.0,0.0,0.0,0.0,0.0,0.0,0.0,0.0,0.0,0.0,0.0,0.0,0.0,0.0,0.0,0.0,0.0,0.0,0.0,0.0,0.0,0.0,0.0,0.0,0.0,0.0,0.0,0.0,0.0,0.0,0.0,0.0,0.0,0.0,0.0,0.0,0.0,0.0,0.0,0.0,0.0,0.0,0.0,0.0,0.0,0.0,0.0,0.0,0.0
0.25,-0.176788270473,-0.139559447765,0.0,0.0,0.0,-0.0876033152429,-0.0569234490395,-0.0847531855106,-0.0438814759254,-0.0467965087088,-0.00532883405685,0.0,-0.0847531855106,-0.0438814759254,-0.0467965087088,0.0,0.0,0.0,0.0,0.0,0.0,0.0,0.0,0.0,0.0,0.0,0.0,0.0,0.0,0.0,0.0,0.0,0.0,0.0,0.0,0.0,0.0,0.0,0.0,0.0,0.34999370575,1.11022302463e-16,0.0389525294304,0.0,0.0,0.0,0.0,0.0,0.0,0.0
0.5,-0.176788270473,-0.139559447765,0.0,0.0,0.0,-0.0876033152429,-0.0569234490395,-0.0847531855106,-0.0438814759254,-0.0467965087088,-0.00532883405685,0.0,-0.0847531855106,-0.0438814759254,-0.0467965087088,0.0,0.0,0.0,0.0,0.0,0.0,0.0,0.0,0.0,0.0,0.0,0.0,0.0,0.0,0.0,0.0,0.0,0.0,0.0,0.0,0.0,0.0,0.0,0.0,0.0,0.34999370575,1.11022302463e-16,0.0389525294304,0.0,0.0,0.0,0.0,0.0,0.0,0.0
0.75,-0.176788270473,-0.139559447765,0.0,0.0,0.0,-0.0876033152429,-0.0569234490395,-0.0847531855106,-0.0438814759254,-0.0467965087088,-0.00532883405685,0.0,-0.0847531855106,-0.0438814759254,-0.0467965087088,0.0,0.0,0.0,0.0,0.0,0.0,0.0,0.0,0.0,0.0,0.0,0.0,0.0,0.0,0.0,0.0,0.0,0.0,0.0,0.0,0.0,0.0,0.0,0.0,0.0,0.34999370575,1.11022302463e-16,0.0389525294304,0.0,0.0,0.0,0.0,0.0,0.0,0.0
1.0,-0.176788270473,-0.139559447765,0.0,0.0,0.0,-0.0876033152429,-0.0569234490395,-0.0847531855106,-0.0438814759254,-0.0467965087088,-0.00532883405685,0.0,-0.0847531855106,-0.0438814759254,-0.0467965087088,0.0,0.0,0.0,0.0,0.0,0.0,0.0,0.0,0.0,0.0,0.0,0.0,0.0,0.0,0.0,0.0,0.0,0.0,0.0,0.0,0.0,0.0,0.0,0.0,0.0,0.34999370575,1.11022302463e-16,0.0389525294304,0.0,0.0,0.0,0.0,0.0,0.0,0.0
1.25,-0.176788270473,-0.139559447765,0.0,0.0,0.0,-0.0876033152429,-0.0569234490395,-0.0847531855106,-0.0438814759254,-0.0467965087088,-0.00532883405685,0.0,-0.0847531855106,-0.0438814759254,-0.0467965087088,0.0,0.0,0.0,0.0,0.0,0.0,0.0,0.0,0.0,0.0,0.0,0.0,0.0,0.0,0.0,0.0,0.0,0.0,0.0,0.0,0.0,0.0,0.0,0.0,0.0,0.34999370575,1.11022302463e-16,0.0389525294304,0.0,0.0,0.0,0.0,0.0,0.0,0.0
1.5,-0.176788270473,-0.139559447765,0.0,0.0,0.0,-0.0876033152429,-0.0569234490395,-0.0847531855106,-0.0438814759254,-0.0467965087088,-0.00532883405685,0.0,-0.0847531855106,-0.0438814759254,-0.0467965087088,0.0,0.0,0.0,0.0,0.0,0.0,0.0,0.0,0.0,0.0,0.0,0.0,0.0,0.0,0.0,0.0,0.0,0.0,0.0,0.0,0.0,0.0,0.0,0.0,0.0,0.34999370575,1.11022302463e-16,0.0389525294304,0.0,0.0,0.0,0.0,0.0,0.0,0.0
1.75,-0.176788270473,-0.139559447765,0.0,0.0,0.0,-0.0876033152429,-0.0569234490395,-0.0847531855106,-0.0438814759254,-0.0467965087088,-0.00532883405685,0.0,-0.0847531855106,-0.0438814759254,-0.0467965087088,0.0,0.0,0.0,0.0,0.0,0.0,0.0,0.0,0.0,0.0,0.0,0.0,0.0,0.0,0.0,0.0,0.0,0.0,0.0,0.0,0.0,0.0,0.0,0.0,0.0,0.34999370575,1.11022302463e-16,0.0389525294304,0.0,0.0,0.0,0.0,0.0,0.0,0.0
2.0,-0.176788270473,-0.139559447765,0.0,0.0,0.0,-0.0876033152429,-0.0569234490395,-0.0847531855106,-0.0438814759254,-0.0467965087088,-0.00532883405685,0.0,-0.0847531855106,-0.0438814759254,-0.0467965087088,0.0,0.0,0.0,0.0,0.0,0.0,0.0,0.0,0.0,0.0,0.0,0.0,0.0,0.0,0.0,0.0,0.0,0.0,0.0,0.0,0.0,0.0,0.0,0.0,0.0,0.34999370575,1.11022302463e-16,0.0389525294304,0.0,0.0,0.0,0.0,0.0,0.0,0.0
2.25,-0.176788270473,-0.139559447765,0.0,0.0,0.0,-0.0876033152429,-0.0569234490395,-0.0847531855106,-0.0438814759254,-0.0467965087088,-0.00532883405685,0.0,-0.0847531855106,-0.0438814759254,-0.0467965087088,0.0,0.0,0.0,0.0,0.0,0.0,0.0,0.0,0.0,0.0,0.0,0.0,0.0,0.0,0.0,0.0,0.0,0.0,0.0,0.0,0.0,0.0,0.0,0.0,0.0,0.34999370575,1.11022302463e-16,0.0389525294304,0.0,0.0,0.0,0.0,0.0,0.0,0.0
2.5,-0.172653079033,-0.139654099941,0.0,0.0,0.0,-0.0787597250248,-0.0554968714714,-0.0760007500648,-0.0439255237579,-0.0467701638417,0.00188606977463,0.0,-0.0760007500648,-0.0439255237579,-0.0467701638417,0.0,0.0,0.0,0.0,0.0,0.0,0.0,0.0,0.0,0.0,0.0,0.0,0.0,0.0,0.0,0.0,0.0,0.0,0.0,0.0,0.0,0.0,0.0,0.0,0.0,0.353553414345,1.11022302463e-16,0.0263860821724,0.0,0.0,0.0,0.0,0.0,0.0,0.0
2.75,-0.144262909889,-0.134415745735,0.0,0.0,0.0,-0.0472974305868,-0.0283825397491,-0.033849298954,-0.0432019233704,-0.0490118932534,0.0294810533524,0.0,-0.033849298954,-0.0432019233704,-0.0490118932534,0.0,0.0,0.0,0.0,0.0,0.0,0.0,0.0,0.0,0.0,0.0,0.0,0.0,0.0,0.0,0.0,0.0,0.0,0.0,0.0,0.0,0.0,0.0,0.0,0.0,0.312350749969,0.0,-0.0237634181976,0.0,0.0,0.0,0.0,0.0,0.0,0.0
3.0,-0.141860067844,-0.133727371693,0.0,0.0,0.0,-0.0459615273346,-0.0262859463692,-0.0280091762543,-0.0465769767761,-0.049431398596,0.030223608017,0.0,-0.0280091762543,-0.0465769767761,-0.049431398596,0.0,0.0,0.0,0.0,0.0,0.0,0.0,0.0,0.0,0.0,0.0,0.0,0.0,0.0,0.0,0.0,0.0,0.0,0.0,0.0,0.0,0.0,0.0,0.0,0.0,0.307037055492,1.11022302463e-16,-0.0276523828506,0.0,0.0,0.0,0.0,0.0,0.0,0.0
3.25,-0.146794259548,-0.134200751781,0.0,0.0,0.0,-0.0406643062299,-0.0150367021561,-0.00449740886688,-0.0583311915398,-0.0487020369175,0.0316632986069,0.0,-0.00449740886688,-0.0583311915398,-0.0487020369175,0.0,0.0,0.0,0.0,0.0,0.0,0.0,0.0,0.0,0.0,0.0,0.0,0.0,0.0,0.0,0.0,0.0,0.0,0.0,0.0,0.0,0.0,0.0,0.0,0.0,0.29510819912,-1.11022302463e-16,-0.039912045002,0.0,0.0,0.0,0.0,0.0,0.0,0.0
3.5,-0.141126930714,-0.135718464851,0.0,0.0,0.0,-0.0571514896579,-0.0394932627678,-0.054147541523,-0.0438470840454,-0.0513563199814,0.0224837660789,0.0,-0.054147541523,-0.0438470840454,-0.0513563199814,0.0,0.0,0.0,0.0,0.0,0.0,0.0,0.0,0.0,0.0,0.0,0.0,0.0,0.0,0.0,0.0,0.0,0.0,0.0,0.0,0.0,0.0,0.0,0.0,0.0,0.323416054249,1.11022302463e-16,-0.0172429680824,0.0,0.0,0.0,0.0,0.0,0.0,0.0
3.75,-0.157560050488,-0.148227214813,0.0,0.0,0.0,-0.0772790121729,-0.0467779636383,-0.136468797922,-0.022336602211,-0.0593591370808,-0.00705146789551,0.0,-0.136468797922,-0.022336602211,-0.0593591370808,0.0,0.0,0.0,0.0,0.0,0.0,0.0,0.0,0.0,0.0,0.0,0.0,0.0,0.0,0.0,0.0,0.0,0.0,0.0,0.0,0.0,0.0,0.0,0.0,0.0,0.338711321354,-1.11022302463e-16,0.014056622982,0.0,0.0,0.0,0.0,0.0,0.0,0.0
4.0,-0.146845161915,-0.144476056099,0.0,0.0,0.0,-0.0347239154761,-0.0233147144318,-0.117211222649,-0.0286203622818,-0.0578293706246,0.020857155323,0.0,-0.117211222649,-0.0286203622818,-0.0578293706246,0.0,0.0,0.0,0.0,0.0,0.0,0.0,0.0,0.0,0.0,0.0,0.0,0.0,0.0,0.0,0.0,0.0,0.0,0.0,0.0,0.0,0.0,0.0,0.0,0.0,0.347047805786,0.0,-0.0216361880302,0.0,0.0,0.0,0.0,0.0,0.0,0.0
4.25,-0.145696818829,-0.142240226269,0.0,0.0,0.0,-0.0285342879448,-0.014801800251,-0.103972911835,-0.0294223427773,-0.0555766349503,0.0273309350014,0.0,-0.103972911835,-0.0294223427773,-0.0555766349503,0.0,0.0,0.0,0.0,0.0,0.0,0.0,0.0,0.0,0.0,0.0,0.0,0.0,0.0,0.0,0.0,0.0,0.0,0.0,0.0,0.0,0.0,0.0,0.0,0.0,0.349634468555,1.11022302463e-16,-0.0346112847328,0.0,0.0,0.0,0.0,0.0,0.0,0.0
4.5,-0.146398186684,-0.141955792904,0.0,0.0,0.0,-0.0285296919203,-0.0148549675941,-0.104207158089,-0.02916264534,-0.0554705631781,0.0269305706024,0.0,-0.104207158089,-0.02916264534,-0.0554705631781,0.0,0.0,0.0,0.0,0.0,0.0,0.0,0.0,0.0,0.0,0.0,0.0,0.0,0.0,0.0,0.0,0.0,0.0,0.0,0.0,0.0,0.0,0.0,0.0,0.0,0.34942895174,0.0,-0.0345035195351,0.0,0.0,0.0,0.0,0.0,0.0,0.0
4.75,-0.146868348122,-0.141658902168,0.0,0.0,0.0,-0.0285301545601,-0.0149989128113,-0.104322969913,-0.0286039710045,-0.0553757332259,0.0266390442848,0.0,-0.104322969913,-0.0286039710045,-0.0553757332259,0.0,0.0,0.0,0.0,0.0,0.0,0.0,0.0,0.0,0.0,0.0,0.0,0.0,0.0,0.0,0.0,0.0,0.0,0.0,0.0,0.0,0.0,0.0,0.0,0.0,0.349312365055,0.0,-0.0343137383461,0.0,0.0,0.0,0.0,0.0,0.0,0.0
5.0,-0.146997690201,-0.141241848469,0.0,0.0,0.0,-0.0285385744749,-0.0152734518051,-0.104633271694,-0.0283092856407,-0.0553879141926,0.02659034729,0.0,-0.104633271694,-0.0283092856407,-0.0553879141926,0.0,0.0,0.0,0.0,0.0,0.0,0.0,0.0,0.0,0.0,0.0,0.0,0.0,0.0,0.0,0.0,0.0,0.0,0.0,0.0,0.0,0.0,0.0,0.0,0.0,0.349013388157,-1.11022302463e-16,-0.0341891050339,0.0,0.0,0.0,0.0,0.0,0.0,0.0
5.25,-0.147178292274,-0.140736162663,0.0,0.0,0.0,-0.0285505329236,-0.015541613102,-0.104541540146,-0.0278278589249,-0.0553134981226,0.0265808701515,0.0,-0.104541540146,-0.0278278589249,-0.0553134981226,0.0,0.0,0.0,0.0,0.0,0.0,0.0,0.0,0.0,0.0,0.0,0.0,0.0,0.0,0.0,0.0,0.0,0.0,0.0,0.0,0.0,0.0,0.0,0.0,0.0,0.348550915718,0.0,-0.034165263176,0.0,0.0,0.0,0.0,0.0,0.0,0.0
5.5,-0.147426843643,-0.14063256979,0.0,0.0,0.0,-0.0285554388161,-0.0157166719437,-0.104769051075,-0.0276697874069,-0.0552992095964,0.0263684391975,0.0,-0.104769051075,-0.0276697874069,-0.0552992095964,0.0,0.0,0.0,0.0,0.0,0.0,0.0,0.0,0.0,0.0,0.0,0.0,0.0,0.0,0.0,0.0,0.0,0.0,0.0,0.0,0.0,0.0,0.0,0.0,0.0,0.348621666431,0.0,-0.0338848233223,0.0,0.0,0.0,0.0,0.0,0.0,0.0
5.75,-0.14760518074,-0.140664637089,0.0,0.0,0.0,-0.0285597220035,-0.0159166455269,-0.104670643806,-0.02720028162,-0.0552302625908,0.0262215137482,0.0,-0.104670643806,-0.02720028162,-0.0552302625908,0.0,0.0,0.0,0.0,0.0,0.0,0.0,0.0,0.0,0.0,0.0,0.0,0.0,0.0,0.0,0.0,0.0,0.0,0.0,0.0,0.0,0.0,0.0,0.0,0.0,0.348761200905,0.0,-0.0335381627083,0.0,0.0,0.0,0.0,0.0,0.0,0.0
6.0,-0.147442400455,-0.140571415424,0.0,0.0,0.0,-0.0285537077042,-0.016193151474,-0.105269789696,-0.0274735093117,-0.0553778277285,0.0261650681496,0.0,-0.105269789696,-0.0274735093117,-0.0553778277285,0.0,0.0,0.0,0.0,0.0,0.0,0.0,0.0,0.0,0.0,0.0,0.0,0.0,0.0,0.0,0.0,0.0,0.0,0.0,0.0,0.0,0.0,0.0,0.0,0.0,0.348792016506,1.11022302463e-16,-0.0331590771675,0.0,0.0,0.0,0.0,0.0,0.0,0.0
6.25,-0.145364642143,-0.139935223495,0.0,0.0,0.0,-0.0286261042902,-0.0167136507876,-0.105856614954,-0.0260644379784,-0.0558198898244,0.0271019830423,0.0,-0.105856614954,-0.0260644379784,-0.0558198898244,0.0,0.0,0.0,0.0,0.0,0.0,0.0,0.0,0.0,0.0,0.0,0.0,0.0,0.0,0.0,0.0,0.0,0.0,0.0,0.0,0.0,0.0,0.0,0.0,0.0,0.349225450965,0.0,-0.0347220021136,0.0,0.0,0.0,0.0,0.0,0.0,0.0
6.5,-0.141401171684,-0.138135100112,0.0,0.0,0.0,-0.0287561333541,-0.0177387945792,-0.106524222037,-0.0228521894006,-0.0565549951202,0.0289351624601,0.0,-0.106524222037,-0.0228521894006,-0.0565549951202,0.0,0.0,0.0,0.0,0.0,0.0,0.0,0.0,0.0,0.0,0.0,0.0,0.0,0.0,0.0,0.0,0.0,0.0,0.0,0.0,0.0,0.0,0.0,0.0,0.0,0.349475531017,1.11022302463e-16,-0.0380298845908,0.0,0.0,0.0,0.0,0.0,0.0,0.0
6.75,-0.137437701225,-0.136334976729,0.0,0.0,0.0,-0.0288795749078,-0.0187639383709,-0.10719182912,-0.0196399408228,-0.0572787093416,0.0307683418779,0.0,-0.10719182912,-0.0196399408228,-0.0572787093416,0.0,0.0,0.0,0.0,0.0,0.0,0.0,0.0,0.0,0.0,0.0,0.0,0.0,0.0,0.0,0.0,0.0,0.0,0.0,0.0,0.0,0.0,0.0,0.0,0.0,0.34972561107,-1.11022302463e-16,-0.0413377670681,0.0,0.0,0.0,0.0,0.0,0.0,0.0
7.0,-0.133474230766,-0.134534853346,0.0,0.0,0.0,-0.0289964442178,-0.0197890821625,-0.107859436203,-0.016427692245,-0.0579911209422,0.0326015212957,0.0,-0.107859436203,-0.016427692245,-0.0579911209422,0.0,0.0,0.0,0.0,0.0,0.0,0.0,0.0,0.0,0.0,0.0,0.0,0.0,0.0,0.0,0.0,0.0,0.0,0.0,0.0,0.0,0.0,0.0,0.0,0.0,0.349975691122,1.11022302463e-16,-0.0446456495453,0.0,0.0,0.0,0.0,0.0,0.0,0.0
7.25,-0.129510760307,-0.132734729963,0.0,0.0,0.0,-0.0291067559896,-0.0208142259542,-0.108527043286,-0.0132154436672,-0.0586923159263,0.0344347007134,0.0,-0.108527043286,-0.0132154436672,-0.0586923159263,0.0,0.0,0.0,0.0,0.0,0.0,0.0,0.0,0.0,0.0,0.0,0.0,0.0,0.0,0.0,0.0,0.0,0.0,0.0,0.0,0.0,0.0,0.0,0.0,0.0,0.350225771175,0.0,-0.0479535320226,0.0,0.0,0.0,0.0,0.0,0.0,0.0
7.5,-0.125547289848,-0.13093460658,0.0,0.0,0.0,-0.0292105243736,-0.0218393697458,-0.10919465037,-0.0100031950895,-0.0593823779031,0.0362678801312,0.0,-0.10919465037,-0.0100031950895,-0.0593823779031,0.0,0.0,0.0,0.0,0.0,0.0,0.0,0.0,0.0,0.0,0.0,0.0,0.0,0.0,0.0,0.0,0.0,0.0,0.0,0.0,0.0,0.0,0.0,0.0,0.0,0.350475851227,1.11022302463e-16,-0.0512614144998,0.0,0.0,0.0,0.0,0.0,0.0,0.0
7.75,-0.121583819389,-0.129134483197,0.0,0.0,0.0,-0.0293077629692,-0.0228645135375,-0.109862257453,-0.00679094651166,-0.0600613881377,0.038101059549,0.0,-0.109862257453,-0.00679094651166,-0.0600613881377,0.0,0.0,0.0,0.0,0.0,0.0,0.0,0.0,0.0,0.0,0.0,0.0,0.0,0.0,0.0,0.0,0.0,0.0,0.0,0.0,0.0,0.0,0.0,0.0,0.0,0.35072593128,1.11022302463e-16,-0.0545692969771,0.0,0.0,0.0,0.0,0.0,0.0,0.0
8.0,-0.11762034893,-0.127334359814,0.0,0.0,0.0,-0.0293984848302,-0.0238896573291,-0.110529864536,-0.00357869793387,-0.0607294256013,0.0399342389668,0.0,-0.110529864536,-0.00357869793387,-0.0607294256013,0.0,0.0,0.0,0.0,0.0,0.0,0.0,0.0,0.0,0.0,0.0,0.0,0.0,0.0,0.0,0.0,0.0,0.0,0.0,0.0,0.0,0.0,0.0,0.0,0.0,0.350976011332,0.0,-0.0578771794544,0.0,0.0,0.0,0.0,0.0,0.0,0.0
8.25,-0.113656878471,-0.125534236431,0.0,0.0,0.0,-0.0294827024693,-0.0249148011208,-0.111197471619,-0.000366449356079,-0.0613865670182,0.0417674183846,0.0,-0.111197471619,-0.000366449356079,-0.0613865670182,0.0,0.0,0.0,0.0,0.0,0.0,0.0,0.0,0.0,0.0,0.0,0.0,0.0,0.0,0.0,0.0,0.0,0.0,0.0,0.0,0.0,0.0,0.0,0.0,0.0,0.351226091385,-1.11022302463e-16,-0.0611850619316,0.0,0.0,0.0,0.0,0.0,0.0,0.0
8.5,-0.113608658314,-0.125603795052,0.0,0.0,0.0,-0.0294898709191,-0.0249280333519,-0.111069500446,-0.000463426113128,-0.0613669542599,0.0418533086777,0.0,-0.111069500446,-0.000463426113128,-0.0613669542599,0.0,0.0,0.0,0.0,0.0,0.0,0.0,0.0,0.0,0.0,0.0,0.0,0.0,0.0,0.0,0.0,0.0,0.0,0.0,0.0,0.0,0.0,0.0,0.0,0.0,0.351157486439,1.11022302463e-16,-0.0612747073174,0.0,0.0,0.0,0.0,0.0,0.0,0.0
8.75,-0.113559007645,-0.125642240047,0.0,0.0,0.0,-0.0294926114792,-0.0249039530754,-0.111057221889,-0.000821530818939,-0.061365399817,0.0419840216637,0.0,-0.111057221889,-0.000821530818939,-0.061365399817,0.0,0.0,0.0,0.0,0.0,0.0,0.0,0.0,0.0,0.0,0.0,0.0,0.0,0.0,0.0,0.0,0.0,0.0,0.0,0.0,0.0,0.0,0.0,0.0,0.0,0.35106420517,1.11022302463e-16,-0.0614285469055,0.0,0.0,0.0,0.0,0.0,0.0,0.0
9.0,-0.113556146622,-0.125677406788,0.0,0.0,0.0,-0.0294879971684,-0.0250030755997,-0.1107878685,-0.000937700271607,-0.0613157542512,0.0420378446579,0.0,-0.1107878685,-0.000937700271607,-0.0613157542512,0.0,0.0,0.0,0.0,0.0,0.0,0.0,0.0,0.0,0.0,0.0,0.0,0.0,0.0,0.0,0.0,0.0,0.0,0.0,0.0,0.0,0.0,0.0,0.0,0.0,0.351074039936,0.0,-0.0614317059517,0.0,0.0,0.0,0.0,0.0,0.0,0.0
9.25,-0.113540112972,-0.125691056252,0.0,0.0,0.0,-0.0294721341733,-0.0251279473305,-0.110565125942,-0.00132489204407,-0.0612721801285,0.0421714782715,0.0,-0.110565125942,-0.00132489204407,-0.0612721801285,0.0,0.0,0.0,0.0,0.0,0.0,0.0,0.0,0.0,0.0,0.0,0.0,0.0,0.0,0.0,0.0,0.0,0.0,0.0,0.0,0.0,0.0,0.0,0.0,0.0,0.351093232632,-1.11022302463e-16,-0.0614730715752,0.0,0.0,0.0,0.0,0.0,0.0,0.0
9.5,-0.113419592381,-0.125778138638,0.0,0.0,0.0,-0.0294744469473,-0.0251657366753,-0.110293328762,-0.00137376785278,-0.0612425350774,0.0422068834305,0.0,-0.110293328762,-0.00137376785278,-0.0612425350774,0.0,0.0,0.0,0.0,0.0,0.0,0.0,0.0,0.0,0.0,0.0,0.0,0.0,0.0,0.0,0.0,0.0,0.0,0.0,0.0,0.0,0.0,0.0,0.0,0.0,0.351157903671,-1.11022302463e-16,-0.0616419315338,0.0,0.0,0.0,0.0,0.0,0.0,0.0
9.75,-0.11328792572,-0.12583231926,0.0,0.0,0.0,-0.0294696312492,-0.0251579284668,-0.110174059868,-0.0017181634903,-0.0612364604877,0.0423328876495,0.0,-0.110174059868,-0.0017181634903,-0.0612364604877,0.0,0.0,0.0,0.0,0.0,0.0,0.0,0.0,0.0,0.0,0.0,0.0,0.0,0.0,0.0,0.0,0.0,0.0,0.0,0.0,0.0,0.0,0.0,0.0,0.0,0.351237118244,1.11022302463e-16,-0.0618039369583,0.0,0.0,0.0,0.0,0.0,0.0,0.0
10.0,-0.113265454769,-0.125954985619,0.0,0.0,0.0,-0.029480435547,-0.0251067280769,-0.109701752663,-0.00170612335205,-0.061162199498,0.04226988554,0.0,-0.109701752663,-0.00170612335205,-0.061162199498,0.0,0.0,0.0,0.0,0.0,0.0,0.0,0.0,0.0,0.0,0.0,0.0,0.0,0.0,0.0,0.0,0.0,0.0,0.0,0.0,0.0,0.0,0.0,0.0,0.0,0.3514072299,2.22044604925e-16,-0.0619489550591,0.0,0.0,0.0,0.0,0.0,0.0,0.0
10.25,-0.113308906555,-0.12608397007,0.0,0.0,0.0,-0.029503537352,-0.0248589515686,-0.109477221966,-0.00182467699051,-0.0611232553572,0.0421624779701,0.0,-0.109477221966,-0.00182467699051,-0.0611232553572,0.0,0.0,0.0,0.0,0.0,0.0,0.0,0.0,0.0,0.0,0.0,0.0,0.0,0.0,0.0,0.0,0.0,0.0,0.0,0.0,0.0,0.0,0.0,0.0,0.0,0.351523399353,0.0,-0.0620763897896,0.0,0.0,0.0,0.0,0.0,0.0,0.0
10.5,-0.115783691406,-0.129364490509,0.0,0.0,0.0,-0.0299476074403,-0.0227343440056,-0.108428061008,-0.00676667690277,-0.0605696804006,0.042164683342,0.0,-0.108428061008,-0.00676667690277,-0.0605696804006,0.0,0.0,0.0,0.0,0.0,0.0,0.0,0.0,0.0,0.0,0.0,0.0,0.0,0.0,0.0,0.0,0.0,0.0,0.0,0.0,0.0,0.0,0.0,0.0,0.0,0.348520934582,0.0,-0.0641031861305,0.0,0.0,0.0,0.0,0.0,0.0,0.0
10.75,-0.115713179111,-0.129827857018,0.0,0.0,0.0,-0.0300126772121,-0.0218087434769,-0.108037054539,-0.0100946426392,-0.0605218115073,0.0427738428116,0.0,-0.108037054539,-0.0100946426392,-0.0605218115073,0.0,0.0,0.0,0.0,0.0,0.0,0.0,0.0,0.0,0.0,0.0,0.0,0.0,0.0,0.0,0.0,0.0,0.0,0.0,0.0,0.0,0.0,0.0,0.0,0.0,0.347352147102,1.11022302463e-16,-0.0654130578041,0.0,0.0,0.0,0.0,0.0,0.0,0.0
11.0,-0.116550564766,-0.130294442177,0.0,0.0,0.0,-0.0299200765976,-0.0216868519783,-0.104701697826,-0.00965064764023,-0.059816212621,0.042793571949,0.0,-0.104701697826,-0.00965064764023,-0.059816212621,0.0,0.0,0.0,0.0,0.0,0.0,0.0,0.0,0.0,0.0,0.0,0.0,0.0,0.0,0.0,0.0,0.0,0.0,0.0,0.0,0.0,0.0,0.0,0.0,0.0,0.348384022713,0.0,-0.0659774541855,0.0,0.0,0.0,0.0,0.0,0.0,0.0
11.25,-0.114233374596,-0.127600193024,0.0,0.0,0.0,-0.0293646619448,-0.0233471989632,-0.104053378105,-0.00571620464325,-0.0599890196796,0.0437170863152,0.0,-0.104053378105,-0.00571620464325,-0.0599890196796,0.0,0.0,0.0,0.0,0.0,0.0,0.0,0.0,0.0,0.0,0.0,0.0,0.0,0.0,0.0,0.0,0.0,0.0,0.0,0.0,0.0,0.0,0.0,0.0,0.0,0.352301597595,2.22044604925e-16,-0.0662247538567,0.0,0.0,0.0,0.0,0.0,0.0,0.0
11.5,-0.111799061298,-0.127981126308,0.0,0.0,0.0,-0.0294673278336,-0.0229573249817,-0.10461640358,-0.00514948368073,-0.0603001814548,0.046365737915,0.0,-0.10461640358,-0.00514948368073,-0.0603001814548,0.0,0.0,0.0,0.0,0.0,0.0,0.0,0.0,0.0,0.0,0.0,0.0,0.0,0.0,0.0,0.0,0.0,0.0,0.0,0.0,0.0,0.0,0.0,0.0,0.0,0.352095603943,-1.11022302463e-16,-0.0669458508492,0.0,0.0,0.0,0.0,0.0,0.0,0.0
11.75,-0.108083367348,-0.128063797951,0.0,0.0,0.0,-0.0295748643047,-0.0220442414284,-0.108437955379,-0.00479900836945,-0.0612815829242,0.0498721003532,0.0,-0.108437955379,-0.00479900836945,-0.0612815829242,0.0,0.0,0.0,0.0,0.0,0.0,0.0,0.0,0.0,0.0,0.0,0.0,0.0,0.0,0.0,0.0,0.0,0.0,0.0,0.0,0.0,0.0,0.0,0.0,0.0,0.351521611214,0.0,-0.0670046210289,0.0,0.0,0.0,0.0,0.0,0.0,0.0
12.0,-0.106583118439,-0.130120456219,0.0,0.0,0.0,-0.0298215526241,-0.0219402909279,-0.107243895531,-0.00697875022888,-0.061189465818,0.0518025755882,0.0,-0.107243895531,-0.00697875022888,-0.061189465818,0.0,0.0,0.0,0.0,0.0,0.0,0.0,0.0,0.0,0.0,0.0,0.0,0.0,0.0,0.0,0.0,0.0,0.0,0.0,0.0,0.0,0.0,0.0,0.0,0.0,0.353553414345,0.0,-0.0696740746498,0.0,0.0,0.0,0.0,0.0,0.0,0.0
12.25,-0.106392544859,-0.12854849591,0.0,0.0,0.0,-0.0296141483305,-0.0239169106764,-0.10626374974,-0.00738146375207,-0.0610744780193,0.0515884897288,0.0,-0.10626374974,-0.00738146375207,-0.0610744780193,0.0,0.0,0.0,0.0,0.0,0.0,0.0,0.0,0.0,0.0,0.0,0.0,0.0,0.0,0.0,0.0,0.0,0.0,0.0,0.0,0.0,0.0,0.0,0.0,0.0,0.350176821737,0.0,-0.0626640985994,0.0,0.0,0.0,0.0,0.0,0.0,0.0
12.5,-0.107795483926,-0.126841762487,0.0,0.0,0.0,-0.0287214456698,-0.028336020077,-0.108141639653,-0.00927074165905,-0.0611621557171,0.0521005216767,0.0,-0.108141639653,-0.00927074165905,-0.0611621557171,0.0,0.0,0.0,0.0,0.0,0.0,0.0,0.0,0.0,0.0,0.0,0.0,0.0,0.0,0.0,0.0,0.0,0.0,0.0,0.0,0.0,0.0,0.0,0.0,0.0,0.349430592621,-1.11022302463e-16,-0.0508756251896,0.0,0.0,0.0,0.0,0.0,0.0,0.0
12.75,-0.109198422993,-0.125135029064,0.0,0.0,0.0,-0.0277778854849,-0.0327551294776,-0.110019529567,-0.011160019566,-0.0612578904791,0.0526125536245,0.0,-0.110019529567,-0.011160019566,-0.0612578904791,0.0,0.0,0.0,0.0,0.0,0.0,0.0,0.0,0.0,0.0,0.0,0.0,0.0,0.0,0.0,0.0,0.0,0.0,0.0,0.0,0.0,0.0,0.0,0.0,0.0,0.348684363505,-1.11022302463e-16,-0.0390871517798,0.0,0.0,0.0,0.0,0.0,0.0,0.0
13.0,-0.11060136206,-0.12342829564,0.0,0.0,0.0,-0.0267831654549,-0.0371742388781,-0.111897419481,-0.013049297473,-0.0613616975714,0.0531245855724,0.0,-0.111897419481,-0.013049297473,-0.0613616975714,0.0,0.0,0.0,0.0,0.0,0.0,0.0,0.0,0.0,0.0,0.0,0.0,0.0,0.0,0.0,0.0,0.0,0.0,0.0,0.0,0.0,0.0,0.0,0.0,0.0,0.34793813439,1.11022302463e-16,-0.0272986783701,0.0,0.0,0.0,0.0,0.0,0.0,0.0
13.25,-0.112004301127,-0.121721562217,0.0,0.0,0.0,-0.0294522080533,-0.0415933482787,-0.113775309394,-0.01493857538,-0.0614735928615,0.0536366175203,0.0,-0.113775309394,-0.01493857538,-0.0614735928615,0.0,0.0,0.0,0.0,0.0,0.0,0.0,0.0,0.0,0.0,0.0,0.0,0.0,0.0,0.0,0.0,0.0,0.0,0.0,0.0,0.0,0.0,0.0,0.0,0.0,0.347191905274,0.0,-0.0155102049603,0.0,0.0,0.0,0.0,0.0,0.0,0.0
13.5,-0.113407240194,-0.120014828794,0.0,0.0,0.0,-0.0390885113873,-0.0460124576793,-0.115653199308,-0.016827853287,-0.0615935928235,0.0541486494681,0.0,-0.115653199308,-0.016827853287,-0.0615935928235,0.0,0.0,0.0,0.0,0.0,0.0,0.0,0.0,0.0,0.0,0.0,0.0,0.0,0.0,0.0,0.0,0.0,0.0,0.0,0.0,0.0,0.0,0.0,0.0,0.0,0.346445676158,1.11022302463e-16,-0.00372173155055,0.0,0.0,0.0,0.0,0.0,0.0,0.0
13.75,-0.114810179262,-0.118308095371,0.0,0.0,0.0,-0.0482415138035,-0.0504315670799,-0.117531089222,-0.0187171311939,-0.0617217145435,0.054660681416,0.0,-0.117531089222,-0.0187171311939,-0.0617217145435,0.0,0.0,0.0,0.0,0.0,0.0,0.0,0.0,0.0,0.0,0.0,0.0,0.0,0.0,0.0,0.0,0.0,0.0,0.0,0.0,0.0,0.0,0.0,0.0,0.0,0.345699447043,0.0,0.00806674185921,0.0,0.0,0.0,0.0,0.0,0.0,0.0
14.0,-0.116213118329,-0.116601361948,0.0,0.0,0.0,-0.0569159541531,-0.0548506764805,-0.119408979135,-0.0206064091009,-0.0618579757252,0.0551727133639,0.0,-0.119408979135,-0.0206064091009,-0.0618579757252,0.0,0.0,0.0,0.0,0.0,0.0,0.0,0.0,0.0,0.0,0.0,0.0,0.0,0.0,0.0,0.0,0.0,0.0,0.0,0.0,0.0,0.0,0.0,0.0,0.0,0.344953217927,1.11022302463e-16,0.019855215269,0.0,0.0,0.0,0.0,0.0,0.0,0.0
14.25,-0.117616057396,-0.114894628525,0.0,0.0,0.0,-0.065119406669,-0.059269785881,-0.121286869049,-0.0224956870079,-0.0620023946953,0.0556847453117,0.0,-0.121286869049,-0.0224956870079,-0.0620023946953,0.0,0.0,0.0,0.0,0.0,0.0,0.0,0.0,0.0,0.0,0.0,0.0,0.0,0.0,0.0,0.0,0.0,0.0,0.0,0.0,0.0,0.0,0.0,0.0,0.0,0.344206988811,1.11022302463e-16,0.0316436886787,0.0,0.0,0.0,0.0,0.0,0.0,0.0
14.5,-0.116869032383,-0.114752948284,0.0,0.0,0.0,-0.0653960920712,-0.0589191913605,-0.120039999485,-0.0231060385704,-0.0618887816246,0.0559831261635,0.0,-0.120039999485,-0.0231060385704,-0.0618887816246,0.0,0.0,0.0,0.0,0.0,0.0,0.0,0.0,0.0,0.0,0.0,0.0,0.0,0.0,0.0,0.0,0.0,0.0,0.0,0.0,0.0,0.0,0.0,0.0,0.0,0.343705952168,0.0,0.0316727161407,0.0,0.0,0.0,0.0,0.0,0.0,0.0
14.75,-0.11683100462,-0.114195048809,0.0,0.0,0.0,-0.0669584600082,-0.0573711395264,-0.121767878532,-0.0267418026924,-0.0624428659788,0.0550500750542,0.0,-0.121767878532,-0.0267418026924,-0.0624428659788,0.0,0.0,0.0,0.0,0.0,0.0,0.0,0.0,0.0,0.0,0.0,0.0,0.0,0.0,0.0,0.0,0.0,0.0,0.0,0.0,0.0,0.0,0.0,0.0,0.0,0.341681540012,-1.11022302463e-16,0.031133711338,0.0,0.0,0.0,0.0,0.0,0.0,0.0
15.0,-0.116441011429,-0.11359590292,0.0,0.0,0.0,-0.0684953020847,-0.0560992360115,-0.123476922512,-0.0287905931473,-0.0629881144289,0.0543050169945,0.0,-0.123476922512,-0.0287905931473,-0.0629881144289,0.0,0.0,0.0,0.0,0.0,0.0,0.0,0.0,0.0,0.0,0.0,0.0,0.0,0.0,0.0,0.0,0.0,0.0,0.0,0.0,0.0,0.0,0.0,0.0,0.0,0.339574158192,0.0,0.0310751795769,0.0,0.0,0.0,0.0,0.0,0.0,0.0
15.25,-0.115516722202,-0.112313985825,0.0,0.0,0.0,-0.070930080452,-0.0545392036438,-0.127318620682,-0.0328798890114,-0.0641820585888,0.0532988905907,0.0,-0.127318620682,-0.0328798890114,-0.0641820585888,0.0,0.0,0.0,0.0,0.0,0.0,0.0,0.0,0.0,0.0,0.0,0.0,0.0,0.0,0.0,0.0,0.0,0.0,0.0,0.0,0.0,0.0,0.0,0.0,0.0,0.336648762226,-1.11022302463e-16,0.0310133695602,0.0,0.0,0.0,0.0,0.0,0.0,0.0
15.5,-0.115005075932,-0.11330384016,0.0,0.0,0.0,-0.0706202353632,-0.0538051724434,-0.120544075966,-0.0312566161156,-0.0627438519636,0.0547458529472,0.0,-0.120544075966,-0.0312566161156,-0.0627438519636,0.0,0.0,0.0,0.0,0.0,0.0,0.0,0.0,0.0,0.0,0.0,0.0,0.0,0.0,0.0,0.0,0.0,0.0,0.0,0.0,0.0,0.0,0.0,0.0,0.0,0.335910260677,0.0,0.0314038395882,0.0,0.0,0.0,0.0,0.0,0.0,0.0
15.75,-0.114657700062,-0.11465805769,0.0,0.0,0.0,-0.0708076638905,-0.0534682273865,-0.0984109044075,-0.0329114198685,-0.0588172270826,0.0578313469887,0.0,-0.0984109044075,-0.0329114198685,-0.0588172270826,0.0,0.0,0.0,0.0,0.0,0.0,0.0,0.0,0.0,0.0,0.0,0.0,0.0,0.0,0.0,0.0,0.0,0.0,0.0,0.0,0.0,0.0,0.0,0.0,0.0,0.331990420818,0.0,0.0337393283844,0.0,0.0,0.0,0.0,0.0,0.0,0.0
16.0,-0.0985991358757,-0.117458820343,0.0,0.0,0.0,-0.0605030869909,-0.0506690144539,-0.114107310772,-0.0198128223419,-0.0617316868382,0.0748969316483,0.0,-0.114107310772,-0.0198128223419,-0.0617316868382,0.0,0.0,0.0,0.0,0.0,0.0,0.0,0.0,0.0,0.0,0.0,0.0,0.0,0.0,0.0,0.0,0.0,0.0,0.0,0.0,0.0,0.0,0.0,0.0,0.0,0.329595029354,-1.11022302463e-16,0.0245379805565,0.0,0.0,0.0,0.0,0.0,0.0,0.0
16.25,-0.0292240381241,-0.121395766735,0.0,0.0,0.0,-0.0221152216005,-0.0561728775501,0.0164042711258,0.121255576611,-0.0543270280338,0.162557840347,0.0,0.0164042711258,0.121255576611,-0.0543270280338,0.0,0.0,0.0,0.0,0.0,0.0,0.0,0.0,0.0,0.0,0.0,0.0,0.0,0.0,0.0,0.0,0.0,0.0,0.0,0.0,0.0,0.0,0.0,0.0,0.0,0.345506370068,-1.11022302463e-16,0.0287680625916,0.0,0.0,0.0,0.0,0.0,0.0,0.0
16.5,-0.0651295185089,-0.122545778751,0.0,0.0,0.0,-0.0359353724299,-0.052802503109,-0.0405443906784,0.0313250422478,-0.0513639463822,0.117312133312,0.0,-0.0405443906784,0.0313250422478,-0.0513639463822,0.0,0.0,0.0,0.0,0.0,0.0,0.0,0.0,0.0,0.0,0.0,0.0,0.0,0.0,0.0,0.0,0.0,0.0,0.0,0.0,0.0,0.0,0.0,0.0,0.0,0.347028613091,1.11022302463e-16,0.0256249308586,0.0,0.0,0.0,0.0,0.0,0.0,0.0
16.75,-0.0901588201523,-0.124308168888,0.0,0.0,0.0,-0.0474749554431,-0.052163541317,-0.0784410834312,-0.00914442539215,-0.0564117113349,0.0822805762291,0.0,-0.0784410834312,-0.00914442539215,-0.0564117113349,0.0,0.0,0.0,0.0,0.0,0.0,0.0,0.0,0.0,0.0,0.0,0.0,0.0,0.0,0.0,0.0,0.0,0.0,0.0,0.0,0.0,0.0,0.0,0.0,0.0,0.339256465435,-1.11022302463e-16,0.0240659713745,0.0,0.0,0.0,0.0,0.0,0.0,0.0
17.0,-0.109254837036,-0.120851814747,0.0,0.0,0.0,-0.055028000759,-0.0586686134338,-0.083991765976,-0.00526821613312,-0.0562473584412,0.0641179084778,0.0,-0.083991765976,-0.00526821613312,-0.0562473584412,0.0,0.0,0.0,0.0,0.0,0.0,0.0,0.0,0.0,0.0,0.0,0.0,0.0,0.0,0.0,0.0,0.0,0.0,0.0,0.0,0.0,0.0,0.0,0.0,0.0,0.345033168793,1.11022302463e-16,0.0347638726234,0.0,0.0,0.0,0.0,0.0,0.0,0.0
17.25,-0.121463000774,-0.124608755112,0.0,0.0,0.0,-0.0580840059875,-0.057416677475,-0.0985122323036,-0.00104922056198,-0.0566645277758,0.0597504377365,0.0,-0.0985122323036,-0.00104922056198,-0.0566645277758,0.0,0.0,0.0,0.0,0.0,0.0,0.0,0.0,0.0,0.0,0.0,0.0,0.0,0.0,0.0,0.0,0.0,0.0,0.0,0.0,0.0,0.0,0.0,0.0,0.0,0.349362790585,0.0,0.0323962569237,0.0,0.0,0.0,0.0,0.0,0.0,0.0
17.5,-0.122403204441,-0.123731970787,0.0,0.0,0.0,-0.0574037816362,-0.0584339499474,-0.103383779526,-0.00394308567047,-0.0573669016748,0.0587645769119,0.0,-0.103383779526,-0.00394308567047,-0.0573669016748,0.0,0.0,0.0,0.0,0.0,0.0,0.0,0.0,0.0,0.0,0.0,0.0,0.0,0.0,0.0,0.0,0.0,0.0,0.0,0.0,0.0,0.0,0.0,0.0,0.0,0.351088285446,1.11022302463e-16,0.0305086374283,0.0,0.0,0.0,0.0,0.0,0.0,0.0
17.75,-0.120532691479,-0.121782898903,0.0,0.0,0.0,-0.0580266145872,-0.0600253343582,-0.104946494102,-0.00539469718933,-0.0579401800325,0.0590059161186,0.0,-0.104946494102,-0.00539469718933,-0.0579401800325,0.0,0.0,0.0,0.0,0.0,0.0,0.0,0.0,0.0,0.0,0.0,0.0,0.0,0.0,0.0,0.0,0.0,0.0,0.0,0.0,0.0,0.0,0.0,0.0,0.0,0.350902855396,1.11022302463e-16,0.0314748883247,0.0,0.0,0.0,0.0,0.0,0.0,0.0
18.0,-0.117038846016,-0.11925047636,0.0,0.0,0.0,-0.0583489997733,-0.0622202157974,-0.106685996056,-0.00948011875153,-0.0586954701634,0.0610812306404,0.0,-0.106685996056,-0.00948011875153,-0.0586954701634,0.0,0.0,0.0,0.0,0.0,0.0,0.0,0.0,0.0,0.0,0.0,0.0,0.0,0.0,0.0,0.0,0.0,0.0,0.0,0.0,0.0,0.0,0.0,0.0,0.0,0.351347148418,0.0,0.0323165655136,0.0,0.0,0.0,0.0,0.0,0.0,0.0
18.25,-0.116675541681,-0.117678053239,0.0,0.0,0.0,-0.0614916817119,-0.0587113955442,-0.115485566504,-0.0154492083718,-0.060674450622,0.0580276917009,0.0,-0.115485566504,-0.0154492083718,-0.060674450622,0.0,0.0,0.0,0.0,0.0,0.0,0.0,0.0,0.0,0.0,0.0,0.0,0.0,0.0,0.0,0.0,0.0,0.0,0.0,0.0,0.0,0.0,0.0,0.0,0.0,0.34519309682,1.11022302463e-16,0.0300458319047,0.0,0.0,0.0,0.0,0.0,0.0,0.0
18.5,-0.1187514242,-0.117163321551,0.0,0.0,0.0,-0.0620619390468,-0.0579874094795,-0.115212016246,-0.0177350114374,-0.0606114502504,0.0545895906056,0.0,-0.115212016246,-0.0177350114374,-0.0606114502504,0.0,0.0,0.0,0.0,0.0,0.0,0.0,0.0,0.0,0.0,0.0,0.0,0.0,0.0,0.0,0.0,0.0,0.0,0.0,0.0,0.0,0.0,0.0,0.0,0.0,0.339636769365,2.22044604925e-16,0.0271091601428,0.0,0.0,0.0,0.0,0.0,0.0,0.0
18.75,-0.120827306719,-0.116648589863,0.0,0.0,0.0,-0.0625748165819,-0.0572634234148,-0.114938465988,-0.0200208145029,-0.0605335838458,0.0511514895103,0.0,-0.114938465988,-0.0200208145029,-0.0605335838458,0.0,0.0,0.0,0.0,0.0,0.0,0.0,0.0,0.0,0.0,0.0,0.0,0.0,0.0,0.0,0.0,0.0,0.0,0.0,0.0,0.0,0.0,0.0,0.0,0.0,0.33408044191,-2.22044604925e-16,0.0241724883809,0.0,0.0,0.0,0.0,0.0,0.0,0.0
19.0,-0.122903189238,-0.116133858176,0.0,0.0,0.0,-0.0630286113677,-0.0565394373501,-0.11466491573,-0.0223066175685,-0.0604408424819,0.0477133884149,0.0,-0.11466491573,-0.0223066175685,-0.0604408424819,0.0,0.0,0.0,0.0,0.0,0.0,0.0,0.0,0.0,0.0,0.0,0.0,0.0,0.0,0.0,0.0,0.0,0.0,0.0,0.0,0.0,0.0,0.0,0.0,0.0,0.328524114454,-1.11022302463e-16,0.021235816619,0.0,0.0,0.0,0.0,0.0,0.0,0.0
19.25,-0.124979071757,-0.115619126488,0.0,0.0,0.0,-0.0634214401494,-0.0558154512854,-0.114391365472,-0.0245924206341,-0.0603332152255,0.0442752873196,0.0,-0.114391365472,-0.0245924206341,-0.0603332152255,0.0,0.0,0.0,0.0,0.0,0.0,0.0,0.0,0.0,0.0,0.0,0.0,0.0,0.0,0.0,0.0,0.0,0.0,0.0,0.0,0.0,0.0,0.0,0.0,0.0,0.322967786999,0.0,0.0182991448571,0.0,0.0,0.0,0.0,0.0,0.0,0.0
19.5,-0.127054954276,-0.115104394801,0.0,0.0,0.0,-0.06375121858,-0.0550914652207,-0.114117815214,-0.0268782236997,-0.0602106891312,0.0408371862243,0.0,-0.114117815214,-0.0268782236997,-0.0602106891312,0.0,0.0,0.0,0.0,0.0,0.0,0.0,0.0,0.0,0.0,0.0,0.0,0.0,0.0,0.0,0.0,0.0,0.0,0.0,0.0,0.0,0.0,0.0,0.0,0.0,0.317411459544,1.11022302463e-16,0.0153624730952,0.0,0.0,0.0,0.0,0.0,0.0,0.0
19.75,-0.129130836795,-0.114589663113,0.0,0.0,0.0,-0.0640156373708,-0.054367479156,-0.113844264956,-0.0291640267653,-0.060073249234,0.037399085129,0.0,-0.113844264956,-0.0291640267653,-0.060073249234,0.0,0.0,0.0,0.0,0.0,0.0,0.0,0.0,0.0,0.0,0.0,0.0,0.0,0.0,0.0,0.0,0.0,0.0,0.0,0.0,0.0,0.0,0.0,0.0,0.0,0.311855132089,1.11022302463e-16,0.0124258013333,0.0,0.0,0.0,0.0,0.0,0.0,0.0
20.0,-0.131206719314,-0.114074931425,0.0,0.0,0.0,-0.0642121348458,-0.0536434930914,-0.113570714698,-0.0314498298308,-0.0599208785416,0.0339609840337,0.0,-0.113570714698,-0.0314498298308,-0.0599208785416,0.0,0.0,0.0,0.0,0.0,0.0,0.0,0.0,0.0,0.0,0.0,0.0,0.0,0.0,0.0,0.0,0.0,0.0,0.0,0.0,0.0,0.0,0.0,0.0,0.0,0.306298804634,1.11022302463e-16,0.00948912957135,0.0,0.0,0.0,0.0,0.0,0.0,0.0
20.25,-0.133282601833,-0.113560199738,0.0,0.0,0.0,-0.0643378652614,-0.0529195070267,-0.11329716444,-0.0337356328964,-0.0597535580249,0.0305228829384,0.0,-0.11329716444,-0.0337356328964,-0.0597535580249,0.0,0.0,0.0,0.0,0.0,0.0,0.0,0.0,0.0,0.0,0.0,0.0,0.0,0.0,0.0,0.0,0.0,0.0,0.0,0.0,0.0,0.0,0.0,0.0,0.0,0.300742477179,0.0,0.00655245780945,0.0,0.0,0.0,0.0,0.0,0.0,0.0
20.5,-0.133170008659,-0.114549219608,0.0,0.0,0.0,-0.0630779720294,-0.0520525574684,-0.109085530043,-0.0377935767174,-0.0591565844978,0.0329087972641,0.0,-0.109085530043,-0.0377935767174,-0.0591565844978,0.0,0.0,0.0,0.0,0.0,0.0,0.0,0.0,0.0,0.0,0.0,0.0,0.0,0.0,0.0,0.0,0.0,0.0,0.0,0.0,0.0,0.0,0.0,0.0,0.0,0.301786392927,0.0,0.00554955005646,0.0,0.0,0.0,0.0,0.0,0.0,0.0
20.75,-0.131937205791,-0.114629387856,0.0,0.0,0.0,-0.0626854998357,-0.0517282485962,-0.104912847281,-0.0441220998764,-0.0589757139074,0.0353746414185,0.0,-0.104912847281,-0.0441220998764,-0.0589757139074,0.0,0.0,0.0,0.0,0.0,0.0,0.0,0.0,0.0,0.0,0.0,0.0,0.0,0.0,0.0,0.0,0.0,0.0,0.0,0.0,0.0,0.0,0.0,0.0,0.0,0.302699565887,1.11022302463e-16,0.00507491827011,0.0,0.0,0.0,0.0,0.0,0.0,0.0
21.0,-0.131083488464,-0.114563643932,0.0,0.0,0.0,-0.0643093739627,-0.0509557127953,-0.0980624854565,-0.047671020031,-0.058232170216,0.0366714000702,0.0,-0.0980624854565,-0.047671020031,-0.058232170216,0.0,0.0,0.0,0.0,0.0,0.0,0.0,0.0,0.0,0.0,0.0,0.0,0.0,0.0,0.0,0.0,0.0,0.0,0.0,0.0,0.0,0.0,0.0,0.0,0.0,0.301078408957,-1.11022302463e-16,0.00684422254562,0.0,0.0,0.0,0.0,0.0,0.0,0.0
21.25,-0.110874116421,-0.105251073837,0.0,0.0,0.0,-0.0609922461055,-0.0581959187984,-0.0832705795765,0.0240023732185,-0.0568273361913,0.0584220290184,0.0,-0.0832705795765,0.0240023732185,-0.0568273361913,0.0,0.0,0.0,0.0,0.0,0.0,0.0,0.0,0.0,0.0,0.0,0.0,0.0,0.0,0.0,0.0,0.0,0.0,0.0,0.0,0.0,0.0,0.0,0.0,0.0,0.292923688889,0.0,0.0178697109222,0.0,0.0,0.0,0.0,0.0,0.0,0.0
21.5,-0.105732500553,-0.115528166294,0.0,0.0,0.0,-0.0626999271593,-0.0613079369068,-0.141274005175,0.0895176529884,-0.0704456944494,0.0901837944984,0.0,-0.141274005175,0.0895176529884,-0.0704456944494,0.0,0.0,0.0,0.0,0.0,0.0,0.0,0.0,0.0,0.0,0.0,0.0,0.0,0.0,0.0,0.0,0.0,0.0,0.0,0.0,0.0,0.0,0.0,0.0,0.0,0.3146443367,1.11022302463e-16,0.0269411206245,0.0,0.0,0.0,0.0,0.0,0.0,0.0
21.75,-0.119890213013,-0.140996098518,0.0,0.0,0.0,-0.0591874806046,-0.051627933979,-0.196320384741,0.108925223351,-0.082923784382,0.113782525063,0.0,-0.196320384741,0.108925223351,-0.082923784382,0.0,0.0,0.0,0.0,0.0,0.0,0.0,0.0,0.0,0.0,0.0,0.0,0.0,0.0,0.0,0.0,0.0,0.0,0.0,0.0,0.0,0.0,0.0,0.0,0.0,0.345198780298,-1.11022302463e-16,0.00969707965851,0.0,0.0,0.0,0.0,0.0,0.0,0.0
22.0,-0.119255304337,-0.15104329586,0.0,0.0,0.0,-0.0449680618302,-0.0465994179249,-0.138430088758,0.0639771223068,-0.0639040801802,0.0944485068321,0.0,-0.138430088758,0.0639771223068,-0.0639040801802,0.0,0.0,0.0,0.0,0.0,0.0,0.0,0.0,0.0,0.0,0.0,0.0,0.0,0.0,0.0,0.0,0.0,0.0,0.0,0.0,0.0,0.0,0.0,0.0,0.0,0.353553414345,-1.11022302463e-16,-0.0084707736969,0.0,0.0,0.0,0.0,0.0,0.0,0.0
22.25,-0.085966527462,-0.156292378902,0.0,0.0,0.0,-0.0329519033471,-0.0368574261665,-0.0442279577255,0.0412995219231,-0.0547631321145,0.0837100744247,0.0,-0.0442279577255,0.0412995219231,-0.0547631321145,0.0,0.0,0.0,0.0,0.0,0.0,0.0,0.0,0.0,0.0,0.0,0.0,0.0,0.0,0.0,0.0,0.0,0.0,0.0,0.0,0.0,0.0,0.0,0.0,0.0,0.340922892094,0.0,-0.0290014147758,0.0,0.0,0.0,0.0,0.0,0.0,0.0
22.5,-0.0811693668365,-0.154572367668,0.0,0.0,0.0,-0.0323651541979,-0.0359289348125,-0.0556346178055,0.0541875362396,-0.0553721116042,0.0976444482803,0.0,-0.0556346178055,0.0541875362396,-0.0553721116042,0.0,0.0,0.0,0.0,0.0,0.0,0.0,0.0,0.0,0.0,0.0,0.0,0.0,0.0,0.0,0.0,0.0,0.0,0.0,0.0,0.0,0.0,0.0,0.0,0.0,0.336044073105,0.0,-0.0353528261185,0.0,0.0,0.0,0.0,0.0,0.0,0.0
22.75,-0.0598284602165,-0.158999443054,0.0,0.0,0.0,-0.033704874953,-0.0289507508278,-0.0582602024078,0.0773530006409,-0.0557275208477,0.125247657299,0.0,-0.0582602024078,0.0773530006409,-0.0557275208477,0.0,0.0,0.0,0.0,0.0,0.0,0.0,0.0,0.0,0.0,0.0,0.0,0.0,0.0,0.0,0.0,0.0,0.0,0.0,0.0,0.0,0.0,0.0,0.0,0.0,0.328564107418,-1.11022302463e-16,-0.0406240820885,0.0,0.0,0.0,0.0,0.0,0.0,0.0
23.0,-0.0748924612999,-0.147663414478,0.0,0.0,0.0,-0.033274258837,-0.0318415760994,-0.0593194961548,0.0541807413101,-0.0563176098278,0.0982740521431,0.0,-0.0593194961548,0.0541807413101,-0.0563176098278,0.0,0.0,0.0,0.0,0.0,0.0,0.0,0.0,0.0,0.0,0.0,0.0,0.0,0.0,0.0,0.0,0.0,0.0,0.0,0.0,0.0,0.0,0.0,0.0,0.0,0.315609246492,1.11022302463e-16,-0.0277570486069,0.0,0.0,0.0,0.0,0.0,0.0,0.0
23.25,-0.0839121341705,-0.137818336487,0.0,0.0,0.0,-0.0482824066351,-0.036487787962,-0.0219019055367,0.0482674837112,-0.0559160962271,0.0694380998611,0.0,-0.0219019055367,0.0482674837112,-0.0559160962271,0.0,0.0,0.0,0.0,0.0,0.0,0.0,0.0,0.0,0.0,0.0,0.0,0.0,0.0,0.0,0.0,0.0,0.0,0.0,0.0,0.0,0.0,0.0,0.0,0.0,0.297174841166,-1.11022302463e-16,0.00703054666519,0.0,0.0,0.0,0.0,0.0,0.0,0.0
23.5,-0.151611328125,-0.129058301449,0.0,0.0,0.0,-0.097167432047,-0.0634504854679,-0.127440303564,-0.0065079331398,-0.0584349516232,0.00774139165878,0.0,-0.127440303564,-0.0065079331398,-0.0584349516232,0.0,0.0,0.0,0.0,0.0,0.0,0.0,0.0,0.0,0.0,0.0,0.0,0.0,0.0,0.0,0.0,0.0,0.0,0.0,0.0,0.0,0.0,0.0,0.0,0.0,0.321216583252,-1.11022302463e-16,0.0320606827736,0.0,0.0,0.0,0.0,0.0,0.0,0.0
23.75,-0.144794881344,-0.10120433569,0.0,0.0,0.0,-0.0919414287945,-0.0670797526836,-0.0402282774448,-0.0528455972672,-0.0506181709661,-0.000165522098541,0.0,-0.0402282774448,-0.0528455972672,-0.0506181709661,0.0,0.0,0.0,0.0,0.0,0.0,0.0,0.0,0.0,0.0,0.0,0.0,0.0,0.0,0.0,0.0,0.0,0.0,0.0,0.0,0.0,0.0,0.0,0.0,0.0,0.293432414532,1.11022302463e-16,0.0280293822289,0.0,0.0,0.0,0.0,0.0,0.0,0.0
24.0,-0.150105565786,-0.100303709507,0.0,0.0,0.0,-0.0839375211173,-0.0625483989716,-0.0217463374138,-0.0612345337868,-0.048991500225,0.0219131112099,0.0,-0.0217463374138,-0.0612345337868,-0.048991500225,0.0,0.0,0.0,0.0,0.0,0.0,0.0,0.0,0.0,0.0,0.0,0.0,0.0,0.0,0.0,0.0,0.0,0.0,0.0,0.0,0.0,0.0,0.0,0.0,0.0,0.301970750093,1.11022302463e-16,0.0181027054787,0.0,0.0,0.0,0.0,0.0,0.0,0.0
24.25,-0.147829585216,-0.103233397007,0.0,0.0,0.0,-0.0895140282849,-0.0634306003066,-0.0336161992129,-0.0581929999239,-0.0497336557125,0.0211963618503,0.0,-0.0336161992129,-0.0581929999239,-0.0497336557125,0.0,0.0,0.0,0.0,0.0,0.0,0.0,0.0,0.0,0.0,0.0,0.0,0.0,0.0,0.0,0.0,0.0,0.0,0.0,0.0,0.0,0.0,0.0,0.0,0.0,0.301578062422,0.0,0.027022736914,0.0,0.0,0.0,0.0,0.0,0.0,0.0
24.5,-0.14651755375,-0.109475433826,0.0,0.0,0.0,-0.0880176017302,-0.0592971829807,-0.0348514143158,-0.0582500450751,-0.0501862023799,0.0175517692285,0.0,-0.0348514143158,-0.0582500450751,-0.0501862023799,0.0,0.0,0.0,0.0,0.0,0.0,0.0,0.0,0.0,0.0,0.0,0.0,0.0,0.0,0.0,0.0,0.0,0.0,0.0,0.0,0.0,0.0,0.0,0.0,0.0,0.301885597846,-2.22044604925e-16,0.0290149976225,0.0,0.0,0.0,0.0,0.0,0.0,0.0
24.75,-0.145205522285,-0.115717470646,0.0,0.0,0.0,-0.0866288514323,-0.0551637656548,-0.0360866294188,-0.0583070902263,-0.0506192453118,0.0139071766068,0.0,-0.0360866294188,-0.0583070902263,-0.0506192453118,0.0,0.0,0.0,0.0,0.0,0.0,0.0,0.0,0.0,0.0,0.0,0.0,0.0,0.0,0.0,0.0,0.0,0.0,0.0,0.0,0.0,0.0,0.0,0.0,0.0,0.30219313327,1.11022302463e-16,0.0310072583311,0.0,0.0,0.0,0.0,0.0,0.0,0.0
25.0,-0.143893490819,-0.121959507465,0.0,0.0,0.0,-0.0853472481603,-0.051030348329,-0.0373218445217,-0.0583641353775,-0.0510328194486,0.010262583985,0.0,-0.0373218445217,-0.0583641353775,-0.0510328194486,0.0,0.0,0.0,0.0,0.0,0.0,0.0,0.0,0.0,0.0,0.0,0.0,0.0,0.0,0.0,0.0,0.0,0.0,0.0,0.0,0.0,0.0,0.0,0.0,0.0,0.302500668694,0.0,0.0329995190396,0.0,0.0,0.0,0.0,0.0,0.0,0.0
25.25,-0.142581459354,-0.128201544285,0.0,0.0,0.0,-0.0841723126915,-0.0468969310031,-0.0385570596246,-0.0584211805288,-0.0514269576191,0.0066179913633,0.0,-0.0385570596246,-0.0584211805288,-0.0514269576191,0.0,0.0,0.0,0.0,0.0,0.0,0.0,0.0,0.0,0.0,0.0,0.0,0.0,0.0,0.0,0.0,0.0,0.0,0.0,0.0,0.0,0.0,0.0,0.0,0.0,0.302808204118,0.0,0.0349917797481,0.0,0.0,0.0,0.0,0.0,0.0,0.0
25.5,-0.141269427889,-0.134443581104,0.0,0.0,0.0,-0.0831036157738,-0.0427635136773,-0.0397922747275,-0.05847822568,-0.0518016905554,0.00297339874155,0.0,-0.0397922747275,-0.05847822568,-0.0518016905554,0.0,0.0,0.0,0.0,0.0,0.0,0.0,0.0,0.0,0.0,0.0,0.0,0.0,0.0,0.0,0.0,0.0,0.0,0.0,0.0,0.0,0.0,0.0,0.0,0.0,0.303115739542,1.11022302463e-16,0.0369840404567,0.0,0.0,0.0,0.0,0.0,0.0,0.0
25.75,-0.139957396423,-0.140685617924,0.0,0.0,0.0,-0.0821407781498,-0.0386300963514,-0.0410274898305,-0.0585352708312,-0.0521570469074,-0.000671193880194,0.0,-0.0410274898305,-0.0585352708312,-0.0521570469074,0.0,0.0,0.0,0.0,0.0,0.0,0.0,0.0,0.0,0.0,0.0,0.0,0.0,0.0,0.0,0.0,0.0,0.0,0.0,0.0,0.0,0.0,0.0,0.0,0.0,0.303423274966,-1.11022302463e-16,0.0389763011652,0.0,0.0,0.0,0.0,0.0,0.0,0.0
26.0,-0.138645364958,-0.146927654743,0.0,0.0,0.0,-0.0812834706421,-0.0344966790255,-0.0422627049334,-0.0585923159824,-0.0524930532562,-0.00431578650194,0.0,-0.0422627049334,-0.0585923159824,-0.0524930532562,0.0,0.0,0.0,0.0,0.0,0.0,0.0,0.0,0.0,0.0,0.0,0.0,0.0,0.0,0.0,0.0,0.0,0.0,0.0,0.0,0.0,0.0,0.0,0.0,0.0,0.30373081039,0.0,0.0409685618737,0.0,0.0,0.0,0.0,0.0,0.0,0.0
26.25,-0.137333333492,-0.153169691563,0.0,0.0,0.0,-0.0805314143072,-0.0303632616997,-0.0434979200363,-0.0586493611336,-0.0528097341258,-0.00796037912369,0.0,-0.0434979200363,-0.0586493611336,-0.0528097341258,0.0,0.0,0.0,0.0,0.0,0.0,0.0,0.0,0.0,0.0,0.0,0.0,0.0,0.0,0.0,0.0,0.0,0.0,0.0,0.0,0.0,0.0,0.0,0.0,0.0,0.304038345814,0.0,0.0429608225822,0.0,0.0,0.0,0.0,0.0,0.0,0.0
26.5,-0.122920334339,-0.151627421379,0.0,0.0,0.0,-0.0726950497937,-0.0208653211594,-0.0848340988159,-0.0277697443962,-0.0575794052153,-0.00697320699692,0.0,-0.0848340988159,-0.0277697443962,-0.0575794052153,0.0,0.0,0.0,0.0,0.0,0.0,0.0,0.0,0.0,0.0,0.0,0.0,0.0,0.0,0.0,0.0,0.0,0.0,0.0,0.0,0.0,0.0,0.0,0.0,0.0,0.282486796379,0.0,0.0378205180168,0.0,0.0,0.0,0.0,0.0,0.0,0.0
26.75,-0.117375254631,-0.146845400333,0.0,0.0,0.0,-0.0488893037625,-0.0174240469933,-0.106215059757,-0.0105277299881,-0.0612219471274,0.00697040557861,0.0,-0.106215059757,-0.0105277299881,-0.0612219471274,0.0,0.0,0.0,0.0,0.0,0.0,0.0,0.0,0.0,0.0,0.0,0.0,0.0,0.0,0.0,0.0,0.0,0.0,0.0,0.0,0.0,0.0,0.0,0.0,0.0,0.286516487598,0.0,0.0186524987221,0.0,0.0,0.0,0.0,0.0,0.0,0.0
27.0,-0.115091383457,-0.142754614353,0.0,0.0,0.0,-0.0336466424061,-0.0157505869865,-0.119314312935,-0.00543129444122,-0.0637409288141,0.0148909687996,0.0,-0.119314312935,-0.00543129444122,-0.0637409288141,0.0,0.0,0.0,0.0,0.0,0.0,0.0,0.0,0.0,0.0,0.0,0.0,0.0,0.0,0.0,0.0,0.0,0.0,0.0,0.0,0.0,0.0,0.0,0.0,0.0,0.293066203594,-1.11022302463e-16,-0.00355851650238,0.0,0.0,0.0,0.0,0.0,0.0,0.0
27.25,-0.113273084164,-0.140753746033,0.0,0.0,0.0,-0.0329833272808,-0.0133264064789,-0.132695794106,0.00203305482864,-0.0665143895017,0.0214264988899,0.0,-0.132695794106,0.00203305482864,-0.0665143895017,0.0,0.0,0.0,0.0,0.0,0.0,0.0,0.0,0.0,0.0,0.0,0.0,0.0,0.0,0.0,0.0,0.0,0.0,0.0,0.0,0.0,0.0,0.0,0.0,0.0,0.295545756817,1.11022302463e-16,-0.0175068378448,0.0,0.0,0.0,0.0,0.0,0.0,0.0
27.5,-0.113934576511,-0.138467073441,0.0,0.0,0.0,-0.0322759417388,-0.011997282505,-0.138435840607,0.00238305330276,-0.0674228146021,0.0276567339897,0.0,-0.138435840607,0.00238305330276,-0.0674228146021,0.0,0.0,0.0,0.0,0.0,0.0,0.0,0.0,0.0,0.0,0.0,0.0,0.0,0.0,0.0,0.0,0.0,0.0,0.0,0.0,0.0,0.0,0.0,0.0,0.0,0.29995071888,1.11022302463e-16,-0.0295479893684,0.0,0.0,0.0,0.0,0.0,0.0,0.0
27.75,-0.117882192135,-0.137393891811,0.0,0.0,0.0,-0.0316323821877,-0.0122600793839,-0.135977387428,-0.002326130867,-0.0659992394291,0.0329777598381,0.0,-0.135977387428,-0.002326130867,-0.0659992394291,0.0,0.0,0.0,0.0,0.0,0.0,0.0,0.0,0.0,0.0,0.0,0.0,0.0,0.0,0.0,0.0,0.0,0.0,0.0,0.0,0.0,0.0,0.0,0.0,0.0,0.308908224106,0.0,-0.0359950661659,0.0,0.0,0.0,0.0,0.0,0.0,0.0
28.0,-0.118320465088,-0.138058900833,0.0,0.0,0.0,-0.0313789968586,-0.0105897784233,-0.132930219173,-0.00265997648239,-0.0651051881199,0.0364191532135,0.0,-0.132930219173,-0.00265997648239,-0.0651051881199,0.0,0.0,0.0,0.0,0.0,0.0,0.0,0.0,0.0,0.0,0.0,0.0,0.0,0.0,0.0,0.0,0.0,0.0,0.0,0.0,0.0,0.0,0.0,0.0,0.0,0.311978280544,0.0,-0.0421290397644,0.0,0.0,0.0,0.0,0.0,0.0,0.0
28.25,-0.120012938976,-0.139496207237,0.0,0.0,0.0,-0.0312737968431,-0.0158916115761,-0.136794090271,0.00423955917358,-0.0658746514494,0.0318447351456,0.0,-0.136794090271,0.00423955917358,-0.0658746514494,0.0,0.0,0.0,0.0,0.0,0.0,0.0,0.0,0.0,0.0,0.0,0.0,0.0,0.0,0.0,0.0,0.0,0.0,0.0,0.0,0.0,0.0,0.0,0.0,0.0,0.307806909084,-2.22044604925e-16,-0.0325187444687,0.0,0.0,0.0,0.0,0.0,0.0,0.0
28.5,-0.12485063076,-0.14427793026,0.0,0.0,0.0,-0.0368173126548,-0.0191159248352,-0.112081766129,-0.00301277637482,-0.0606602122471,0.0176731348038,0.0,-0.112081766129,-0.00301277637482,-0.0606602122471,0.0,0.0,0.0,0.0,0.0,0.0,0.0,0.0,0.0,0.0,0.0,0.0,0.0,0.0,0.0,0.0,0.0,0.0,0.0,0.0,0.0,0.0,0.0,0.0,0.0,0.295961201191,1.11022302463e-16,0.00688576698303,0.0,0.0,0.0,0.0,0.0,0.0,0.0
28.75,-0.124570131302,-0.145294189453,0.0,0.0,0.0,-0.0552630982914,-0.020623922348,-0.0885168910027,-0.0133850574493,-0.0573561064499,0.00134915113449,0.0,-0.0885168910027,-0.0133850574493,-0.0573561064499,0.0,0.0,0.0,0.0,0.0,0.0,0.0,0.0,0.0,0.0,0.0,0.0,0.0,0.0,0.0,0.0,0.0,0.0,0.0,0.0,0.0,0.0,0.0,0.0,0.0,0.28112745285,0.0,0.0251798629761,0.0,0.0,0.0,0.0,0.0,0.0,0.0
29.0,-0.132191956043,-0.151139736176,0.0,0.0,0.0,-0.0774150236379,-0.0268303155899,-0.0870430469513,-0.00813108682632,-0.0556512662509,0.00332146883011,0.0,-0.0870430469513,-0.00813108682632,-0.0556512662509,0.0,0.0,0.0,0.0,0.0,0.0,0.0,0.0,0.0,0.0,0.0,0.0,0.0,0.0,0.0,0.0,0.0,0.0,0.0,0.0,0.0,0.0,0.0,0.0,0.0,0.289771854877,1.11022302463e-16,0.0507220625877,0.0,0.0,0.0,0.0,0.0,0.0,0.0
29.25,-0.135703623295,-0.151789546013,0.0,0.0,0.0,-0.091165005609,-0.0342074632645,-0.0749069452286,0.00822186470032,-0.0533911421457,0.00878709554672,0.0,-0.0749069452286,0.00822186470032,-0.0533911421457,0.0,0.0,0.0,0.0,0.0,0.0,0.0,0.0,0.0,0.0,0.0,0.0,0.0,0.0,0.0,0.0,0.0,0.0,0.0,0.0,0.0,0.0,0.0,0.0,0.0,0.293569386005,0.0,0.0669082403183,0.0,0.0,0.0,0.0,0.0,0.0,0.0
29.5,-0.132223725319,-0.151448667049,0.0,0.0,0.0,-0.0703239365874,-0.0376195907593,-0.0756639838219,0.0280854701996,-0.0543842109691,0.0231629610062,0.0,-0.0756639838219,0.0280854701996,-0.0543842109691,0.0,0.0,0.0,0.0,0.0,0.0,0.0,0.0,0.0,0.0,0.0,0.0,0.0,0.0,0.0,0.0,0.0,0.0,0.0,0.0,0.0,0.0,0.0,0.0,0.0,0.310930907726,-1.11022302463e-16,0.046640753746,0.0,0.0,0.0,0.0,0.0,0.0,0.0
29.75,-0.132066190243,-0.152681648731,0.0,0.0,0.0,-0.0465447608822,-0.0395010709763,-0.0847018957138,0.0318588614464,-0.0552483451229,0.0346114635468,0.0,-0.0847018957138,0.0318588614464,-0.0552483451229,0.0,0.0,0.0,0.0,0.0,0.0,0.0,0.0,0.0,0.0,0.0,0.0,0.0,0.0,0.0,0.0,0.0,0.0,0.0,0.0,0.0,0.0,0.0,0.0,0.0,0.331712186337,1.11022302463e-16,0.0170036554337,0.0,0.0,0.0,0.0,0.0,0.0,0.0
30.0,-0.130367994308,-0.152698636055,0.0,0.0,0.0,-0.0280418170359,-0.0389207005501,-0.0778157114983,0.0302909612656,-0.0539842869612,0.0455706715584,0.0,-0.0778157114983,0.0302909612656,-0.0539842869612,0.0,0.0,0.0,0.0,0.0,0.0,0.0,0.0,0.0,0.0,0.0,0.0,0.0,0.0,0.0,0.0,0.0,0.0,0.0,0.0,0.0,0.0,0.0,0.0,0.0,0.344033300877,0.0,-0.0104101896286,0.0,0.0,0.0,0.0,0.0,0.0,0.0
30.25,-0.134632082546,-0.153361951604,0.0,0.0,0.0,-0.0282511148647,-0.0354951865533,-0.0691600056256,0.0242871501867,-0.0518006498378,0.0473420900457,0.0,-0.0691600056256,0.0242871501867,-0.0518006498378,0.0,0.0,0.0,0.0,0.0,0.0,0.0,0.0,0.0,0.0,0.0,0.0,0.0,0.0,0.0,0.0,0.0,0.0,0.0,0.0,0.0,0.0,0.0,0.0,0.0,0.353553414345,0.0,-0.0183725111625,0.0,0.0,0.0,0.0,0.0,0.0,0.0
30.5,-0.138038193478,-0.153703198713,0.0,0.0,0.0,-0.0294406087096,-0.0295060417231,-0.0631216203465,0.0136898931335,-0.050447589275,0.0434639103272,0.0,-0.0631216203465,0.0136898931335,-0.050447589275,0.0,0.0,0.0,0.0,0.0,0.0,0.0,0.0,0.0,0.0,0.0,0.0,0.0,0.0,0.0,0.0,0.0,0.0,0.0,0.0,0.0,0.0,0.0,0.0,0.0,0.353553414345,0.0,-0.0218809106771,0.0,0.0,0.0,0.0,0.0,0.0,0.0
30.75,-0.14144430441,-0.154044445823,0.0,0.0,0.0,-0.0306360930709,-0.023516896893,-0.0570832350675,0.00309263608035,-0.0492886622469,0.0395857306088,0.0,-0.0570832350675,0.00309263608035,-0.0492886622469,0.0,0.0,0.0,0.0,0.0,0.0,0.0,0.0,0.0,0.0,0.0,0.0,0.0,0.0,0.0,0.0,0.0,0.0,0.0,0.0,0.0,0.0,0.0,0.0,0.0,0.353553414345,0.0,-0.0253893101917,0.0,0.0,0.0,0.0,0.0,0.0,0.0
31.0,-0.144850415342,-0.154385692933,0.0,0.0,0.0,-0.0318377923874,-0.0175277520629,-0.0510448497884,-0.0075046209728,-0.0483230272799,0.0357075508903,0.0,-0.0510448497884,-0.0075046209728,-0.0483230272799,0.0,0.0,0.0,0.0,0.0,0.0,0.0,0.0,0.0,0.0,0.0,0.0,0.0,0.0,0.0,0.0,0.0,0.0,0.0,0.0,0.0,0.0,0.0,0.0,0.0,0.353553414345,1.11022302463e-16,-0.0288977097063,0.0,0.0,0.0,0.0,0.0,0.0,0.0
31.25,-0.148256526274,-0.154726940043,0.0,0.0,0.0,-0.0330459322935,-0.0115386072327,-0.0450064645094,-0.018101878026,-0.0475500903075,0.0318293711718,0.0,-0.0450064645094,-0.018101878026,-0.0475500903075,0.0,0.0,0.0,0.0,0.0,0.0,0.0,0.0,0.0,0.0,0.0,0.0,0.0,0.0,0.0,0.0,0.0,0.0,0.0,0.0,0.0,0.0,0.0,0.0,0.0,0.353553414345,0.0,-0.0324061092208,0.0,0.0,0.0,0.0,0.0,0.0,0.0
31.5,-0.151662637206,-0.155068187153,0.0,0.0,0.0,-0.0342607398464,-0.00554946240257,-0.0389680792304,-0.0286991350791,-0.0469695018248,0.0279511914534,0.0,-0.0389680792304,-0.0286991350791,-0.0469695018248,0.0,0.0,0.0,0.0,0.0,0.0,0.0,0.0,0.0,0.0,0.0,0.0,0.0,0.0,0.0,0.0,0.0,0.0,0.0,0.0,0.0,0.0,0.0,0.0,0.0,0.353553414345,0.0,-0.0359145087354,0.0,0.0,0.0,0.0,0.0,0.0,0.0
31.75,-0.155068748138,-0.155409434262,0.0,0.0,0.0,-0.0354824437538,0.000439682427575,-0.0329296939513,-0.0392963921323,-0.046581155408,0.0240730117349,0.0,-0.0329296939513,-0.0392963921323,-0.046581155408,0.0,0.0,0.0,0.0,0.0,0.0,0.0,0.0,0.0,0.0,0.0,0.0,0.0,0.0,0.0,0.0,0.0,0.0,0.0,0.0,0.0,0.0,0.0,0.0,0.0,0.353553414345,0.0,-0.03942290825,0.0,0.0,0.0,0.0,0.0,0.0,0.0
32.0,-0.158474859069,-0.155750681372,0.0,0.0,0.0,-0.0367112746019,0.00642882725772,-0.0268913086723,-0.0498936491854,-0.0463851875795,0.0201948320164,0.0,-0.0268913086723,-0.0498936491854,-0.0463851875795,0.0,0.0,0.0,0.0,0.0,0.0,0.0,0.0,0.0,0.0,0.0,0.0,0.0,0.0,0.0,0.0,0.0,0.0,0.0,0.0,0.0,0.0,0.0,0.0,0.0,0.353553414345,-2.22044604925e-16,-0.0429313077646,0.0,0.0,0.0,0.0,0.0,0.0,0.0
32.25,-0.161880970001,-0.156091928482,0.0,0.0,0.0,-0.0379474650848,0.0124179720879,-0.0208529233932,-0.0604909062386,-0.0463819790202,0.016316652298,0.0,-0.0208529233932,-0.0604909062386,-0.0463819790202,0.0,0.0,0.0,0.0,0.0,0.0,0.0,0.0,0.0,0.0,0.0,0.0,0.0,0.0,0.0,0.0,0.0,0.0,0.0,0.0,0.0,0.0,0.0,0.0,0.0,0.353553414345,1.11022302463e-16,-0.0464397072792,0.0,0.0,0.0,0.0,0.0,0.0,0.0
32.5,-0.159786164761,-0.150574207306,0.0,0.0,0.0,-0.0388735784277,0.0278821587563,-0.0581929087639,-0.0923931598663,-0.052742563588,0.024923145771,0.0,-0.0581929087639,-0.0923931598663,-0.052742563588,0.0,0.0,0.0,0.0,0.0,0.0,0.0,0.0,0.0,0.0,0.0,0.0,0.0,0.0,0.0,0.0,0.0,0.0,0.0,0.0,0.0,0.0,0.0,0.0,0.0,0.332482755184,-1.11022302463e-16,-0.0426290035248,0.0,0.0,0.0,0.0,0.0,0.0,0.0
32.75,-0.157643556595,-0.13499969244,0.0,0.0,0.0,-0.0367055293998,0.0246658921242,-0.142500936985,-0.102455496788,-0.0679619493211,0.0322538018227,0.0,-0.142500936985,-0.102455496788,-0.0679619493211,0.0,0.0,0.0,0.0,0.0,0.0,0.0,0.0,0.0,0.0,0.0,0.0,0.0,0.0,0.0,0.0,0.0,0.0,0.0,0.0,0.0,0.0,0.0,0.0,0.0,0.31856316328,0.0,-0.0401946306229,0.0,0.0,0.0,0.0,0.0,0.0,0.0
33.0,-0.146779894829,-0.131453275681,0.0,0.0,0.0,-0.0320352448828,0.0205162763596,-0.156674355268,-0.0252694487572,-0.0659560360132,0.0298766493797,0.0,-0.156674355268,-0.0252694487572,-0.0659560360132,0.0,0.0,0.0,0.0,0.0,0.0,0.0,0.0,0.0,0.0,0.0,0.0,0.0,0.0,0.0,0.0,0.0,0.0,0.0,0.0,0.0,0.0,0.0,0.0,0.0,0.343013346195,0.0,-0.0312117338181,0.0,0.0,0.0,0.0,0.0,0.0,0.0
33.25,-0.122423291206,-0.111412644386,0.0,0.0,0.0,-0.0281499175897,0.00465542078018,-0.146542936563,-0.0323451161385,-0.0682378087513,0.0365498065948,0.0,-0.146542936563,-0.0323451161385,-0.0682378087513,0.0,0.0,0.0,0.0,0.0,0.0,0.0,0.0,0.0,0.0,0.0,0.0,0.0,0.0,0.0,0.0,0.0,0.0,0.0,0.0,0.0,0.0,0.0,0.0,0.0,0.32865858078,-1.11022302463e-16,-0.0433776974678,0.0,0.0,0.0,0.0,0.0,0.0,0.0
33.5,-0.140836238861,-0.125192403793,0.0,0.0,0.0,-0.0279004253337,-0.00867235660553,-0.119279742241,-0.0162546634674,-0.0586516377092,0.0308901071548,0.0,-0.119279742241,-0.0162546634674,-0.0586516377092,0.0,0.0,0.0,0.0,0.0,0.0,0.0,0.0,0.0,0.0,0.0,0.0,0.0,0.0,0.0,0.0,0.0,0.0,0.0,0.0,0.0,0.0,0.0,0.0,0.0,0.337518155575,0.0,-0.0565646886826,0.0,0.0,0.0,0.0,0.0,0.0,0.0
33.75,-0.14202362299,-0.127184867859,0.0,0.0,0.0,-0.0282129535578,-0.00800794363022,-0.120400249958,-0.01418197155,-0.058567939918,0.0309625864029,0.0,-0.120400249958,-0.01418197155,-0.058567939918,0.0,0.0,0.0,0.0,0.0,0.0,0.0,0.0,0.0,0.0,0.0,0.0,0.0,0.0,0.0,0.0,0.0,0.0,0.0,0.0,0.0,0.0,0.0,0.0,0.0,0.333138525486,0.0,-0.0555621385574,0.0,0.0,0.0,0.0,0.0,0.0,0.0
34.0,-0.142912507057,-0.128021419048,0.0,0.0,0.0,-0.0284358210651,-0.00946390628815,-0.117840051651,-0.0132925510406,-0.0578817174123,0.0310217738152,0.0,-0.117840051651,-0.0132925510406,-0.0578817174123,0.0,0.0,0.0,0.0,0.0,0.0,0.0,0.0,0.0,0.0,0.0,0.0,0.0,0.0,0.0,0.0,0.0,0.0,0.0,0.0,0.0,0.0,0.0,0.0,0.0,0.332597136497,1.11022302463e-16,-0.0548715591431,0.0,0.0,0.0,0.0,0.0,0.0,0.0
34.25,-0.145561397076,-0.130144357681,0.0,0.0,0.0,-0.0285618826788,-0.0109311342239,-0.11326789856,-0.0129487514496,-0.0565035004673,0.030702829361,0.0,-0.11326789856,-0.0129487514496,-0.0565035004673,0.0,0.0,0.0,0.0,0.0,0.0,0.0,0.0,0.0,0.0,0.0,0.0,0.0,0.0,0.0,0.0,0.0,0.0,0.0,0.0,0.0,0.0,0.0,0.0,0.0,0.333871483803,0.0,-0.052483856678,0.0,0.0,0.0,0.0,0.0,0.0,0.0
34.5,-0.145204663277,-0.129432559013,0.0,0.0,0.0,-0.028506590715,-0.0109215378761,-0.114846050739,-0.0126688480377,-0.0568622522722,0.03057295084,0.0,-0.114846050739,-0.0126688480377,-0.0568622522722,0.0,0.0,0.0,0.0,0.0,0.0,0.0,0.0,0.0,0.0,0.0,0.0,0.0,0.0,0.0,0.0,0.0,0.0,0.0,0.0,0.0,0.0,0.0,0.0,0.0,0.332877159119,0.0,-0.0526844263077,0.0,0.0,0.0,0.0,0.0,0.0,0.0
34.75,-0.145019173622,-0.128648936749,0.0,0.0,0.0,-0.0284235760919,-0.0110006928444,-0.116245687008,-0.0121873617172,-0.0571423633823,0.0306704640388,0.0,-0.116245687008,-0.0121873617172,-0.0571423633823,0.0,0.0,0.0,0.0,0.0,0.0,0.0,0.0,0.0,0.0,0.0,0.0,0.0,0.0,0.0,0.0,0.0,0.0,0.0,0.0,0.0,0.0,0.0,0.0,0.0,0.331932783127,1.11022302463e-16,-0.0530698299408,0.0,0.0,0.0,0.0,0.0,0.0,0.0
35.0,-0.145069956779,-0.127874135971,0.0,0.0,0.0,-0.0283608518922,-0.0113415718079,-0.117350280285,-0.0110887289047,-0.057316521015,0.0306358933449,0.0,-0.117350280285,-0.0110887289047,-0.057316521015,0.0,0.0,0.0,0.0,0.0,0.0,0.0,0.0,0.0,0.0,0.0,0.0,0.0,0.0,0.0,0.0,0.0,0.0,0.0,0.0,0.0,0.0,0.0,0.0,0.0,0.331060171127,-1.11022302463e-16,-0.0530721545219,0.0,0.0,0.0,0.0,0.0,0.0,0.0
35.25,-0.145648181438,-0.127156496048,0.0,0.0,0.0,-0.0282832207259,-0.0118117928505,-0.117745161057,-0.00971478223801,-0.0572487850557,0.0305641889572,0.0,-0.117745161057,-0.00971478223801,-0.0572487850557,0.0,0.0,0.0,0.0,0.0,0.0,0.0,0.0,0.0,0.0,0.0,0.0,0.0,0.0,0.0,0.0,0.0,0.0,0.0,0.0,0.0,0.0,0.0,0.0,0.0,0.33013343811,1.11022302463e-16,-0.0531766414642,0.0,0.0,0.0,0.0,0.0,0.0,0.0
35.5,-0.145606994629,-0.126961350441,0.0,0.0,0.0,-0.0282546501338,-0.0123389363289,-0.117530465126,-0.0105773806572,-0.0572350418105,0.0304824113846,0.0,-0.117530465126,-0.0105773806572,-0.0572350418105,0.0,0.0,0.0,0.0,0.0,0.0,0.0,0.0,0.0,0.0,0.0,0.0,0.0,0.0,0.0,0.0,0.0,0.0,0.0,0.0,0.0,0.0,0.0,0.0,0.0,0.330747425556,0.0,-0.0526840090752,0.0,0.0,0.0,0.0,0.0,0.0,0.0
35.75,-0.146050453186,-0.12731719017,0.0,0.0,0.0,-0.0282733180826,-0.012887775898,-0.117123663425,-0.0116506814957,-0.0570874390271,0.030427634716,0.0,-0.117123663425,-0.0116506814957,-0.0570874390271,0.0,0.0,0.0,0.0,0.0,0.0,0.0,0.0,0.0,0.0,0.0,0.0,0.0,0.0,0.0,0.0,0.0,0.0,0.0,0.0,0.0,0.0,0.0,0.0,0.0,0.332525074482,0.0,-0.0519360899925,0.0,0.0,0.0,0.0,0.0,0.0,0.0
36.0,-0.145422279835,-0.127592206001,0.0,0.0,0.0,-0.0283022045851,-0.0132857561111,-0.116341769695,-0.0136483311653,-0.0571150733428,0.0304440259933,0.0,-0.116341769695,-0.0136483311653,-0.0571150733428,0.0,0.0,0.0,0.0,0.0,0.0,0.0,0.0,0.0,0.0,0.0,0.0,0.0,0.0,0.0,0.0,0.0,0.0,0.0,0.0,0.0,0.0,0.0,0.0,0.0,0.333838641644,1.11022302463e-16,-0.0510231256485,0.0,0.0,0.0,0.0,0.0,0.0,0.0
