time,_SHOULDER_RIGHT_PITCH,_SHOULDER_LEFT_PITCH,_NECK_UNIQUE_ROLL,_NECK_UNIQUE_YAW,_NECK_UNIQUE_PITCH,_ARML_UPPER_ROLL,_ARML_UPPER_YAW,_ARML_MIDDLE_PITCH,_ARML_MIDDLE_YAW,_ARML_EDGE_ROLL,_ARMR_UPPER_ROLL,_ARMR_UPPER_YAW,_ARMR_MIDDLE_PITCH,_ARMR_MIDDLE_YAW,_ARMR_EDGE_ROLL,_HANDL_THUMB_PITCH,_HANDL_INDEX_PITCH,_HANDL_MIDDLE_PITCH,_HANDL_RING_PITCH,_HANDL_LITTLE_PITCH,_HANDR_THUMB_PITCH,_HANDR_INDEX_PITCH,_HANDR_MIDDLE_PITCH,_HANDR_RING_PITCH,_HANDR_LITTLE_PITCH,_HEADL_OPHRYON_VERT,_HEADL_EYELIDU_VERT,_HEADL_EYELIDD_VERT,_HEADL_FACER_TENSE,_HEADL_FACEL_TENSE,_HEADC_EYEBROWR_VERT,_HEADC_EYEBROWL_VERT,_HEADC_EYER_YAW,_HEADC_EYEL_YAW,_HEADC_EYES_PITCH,_HEADR_LIPUP_REACH,_HEADR_LIPDOWN_REACH,_HEADR_MOUTHR_OPEN,_HEADR_MOUTHL_OPEN,_HEADR_CHIN_ROLL,_HIP_UNIQUE_PITCH,_HIP_UNIQUE_ROLL,_HIP_UNIQUE_YAW,_WHEEL_UNIQUE_VERT,_WHEEL_UNIQUE_STEEL,_WHEEL_UNIQUE_SPEED,_WHEEL_UNIQUE_BREAK,_ADD,_ADD,_ADD
0,0,0,0,0,0,0,0,0,0,0,0,0,0,0,0,0,0,0,0,0,0,0,0,0,0,0,0,0,0,0,0,0,0,0,0,0,0,0,0,0,0,0,0,0,0,0,0,0,0,0
0.25,0.18822786958189866,0.7774372460071292,0,0,0,-0.4906600197335522,-0.6299702496953881,2.522563729503815,-1.9574734658970536,0,0.10779025961199307,-0.15460849731791027,0.6440292711696991,-3.177763251765546,0,0,0,0,0,0,0,0,0,0,0,0,0,0,0,0,0,0,0,0,0,0,0,0,0,0,0.10987471718803969,-0.10003513275638132,-0.04552300439116563,0,0,0,0,0,0,0
0.5,0.18052729304437007,0.7911838960192452,0,0,0,-0.49469907096487775,-0.6455538329400659,2.4821699858006303,-1.9452692033254013,0,0.09447192833403184,-0.15406468151131358,0.6605643993843998,-3.1585206740033547,0,0,0,0,0,0,0,0,0,0,0,0,0,0,0,0,0,0,0,0,0,0,0,0,0,0,0.11922013187724488,-0.11445679847974777,-0.033436023753875554,0,0,0,0,0,0,0
0.75,0.16706352264604948,0.8016939142647967,0,0,0,-0.5007159321835695,-0.6553780673488836,2.4516053621698832,-1.9389510488318196,0,0.06733677486619372,-0.1530079400192117,0.7091412291983403,-3.1471912315479433,0,0,0,0,0,0,0,0,0,0,0,0,0,0,0,0,0,0,0,0,0,0,0,0,0,0,0.1276038352293702,-0.12520125781596048,-0.02470986878307002,0,0,0,0,0,0,0
1.0,0.16633176109574394,0.8177851273637309,0,0,0,-0.5005225116830214,-0.6770042939772423,2.3550030896741605,-1.9276056226929985,0,0.06445685402950341,-0.15344130900155983,0.7924924240364539,-3.1409721298228668,0,0,0,0,0,0,0,0,0,0,0,0,0,0,0,0,0,0,0,0,0,0,0,0,0,0,0.14182179307279216,-0.1414375118161999,-0.010468187197177237,0,0,0,0,0,0,0
1.25,0.16852242258253247,0.8401516203271281,0,0,0,-0.4961848952757286,-0.7092276790081273,2.229195838535792,-1.9159303486006323,0,0.06938619864544515,-0.1536988789976772,0.8830361452869493,-3.108170868929042,0,0,0,0,0,0,0,0,0,0,0,0,0,0,0,0,0,0,0,0,0,0,0,0,0,0,0.16386185522657296,-0.16353369418658925,0.01041184807785922,0,0,0,0,0,0,0
1.5,0.1653815400908745,0.845591005907945,0,0,0,-0.49318881186563024,-0.718142248137557,2.1581271522626104,-1.9095444920819786,0,0.05972729468339999,-0.15431160409604794,0.9677658772238574,-3.1145962283763424,0,0,0,0,0,0,0,0,0,0,0,0,0,0,0,0,0,0,0,0,0,0,0,0,0,0,0.17285773201835292,-0.17190607808406622,0.018203475071796094,0,0,0,0,0,0,0
1.75,0.16109359831877917,0.8508649667620279,0,0,0,-0.4885148885141062,-0.7277537075720928,2.0832582513280298,-1.9053184277594373,0,0.04609371437390397,-0.15441318713046948,1.040111822585437,-3.1044247150788986,0,0,0,0,0,0,0,0,0,0,0,0,0,0,0,0,0,0,0,0,0,0,0,0,0,0,0.18222427817195344,-0.18025000163078153,0.026897530361028377,0,0,0,0,0,0,0
2.0,0.1592506157794575,0.844593985048848,0,0,0,-0.4865729161686425,-0.720885967992817,2.062185510166739,-1.9061048128968852,0,0.033372695826730636,-0.15574351353875904,1.1306707734556851,-3.1379352128243947,0,0,0,0,0,0,0,0,0,0,0,0,0,0,0,0,0,0,0,0,0,0,0,0,0,0,0.17815861247159898,-0.1765455328338792,0.024045494614776786,0,0,0,0,0,0,0
2.25,0.15773265477276274,0.8272624890670113,0,0,0,-0.4872236780131445,-0.6981513728599071,2.0839292671160026,-1.9165456517776172,0,0.010531171542237816,-0.1573836142222702,1.2556803899713358,-3.2163698506513603,0,0,0,0,0,0,0,0,0,0,0,0,0,0,0,0,0,0,0,0,0,0,0,0,0,0,0.16212954140646324,-0.1617718595840978,0.010810873190464587,0,0,0,0,0,0,0
2.5,0.15766338066122101,0.8666452305253621,0,0,0,-0.5054320162580073,-0.7378743316854091,2.0740576595865052,-1.9000118566759392,0,-0.0006455720869498194,-0.1576620699380471,1.2573524625862227,-3.1736637507504986,0,0,0,0,0,0,0,0,0,0,0,0,0,0,0,0,0,0,0,0,0,0,0,0,0,0,0.19360415151550595,-0.18951674419946474,0.03981199074002384,0,0,0,0,0,0,0
2.75,0.16048753493641582,0.8957552895886245,0,0,0,-0.5252212098913365,-0.7636974856411283,2.09800710312566,-1.8945197343739018,0,-0.032202779521470326,-0.15725073069416262,1.2727713020221674,-3.1324774995318174,0,0,0,0,0,0,0,0,0,0,0,0,0,0,0,0,0,0,0,0,0,0,0,0,0,0,0.2163476534171764,-0.20808177612696221,0.05966422987544129,0,0,0,0,0,0,0
3.0,0.16215838500017973,0.9273124587821391,0,0,0,-0.5309906492021153,-0.8012731910207282,2.044725195389865,-1.8876376266146297,0,-0.02798640481824921,-0.15974597682602898,1.30065139131416,-3.10967206453929,0,0,0,0,0,0,0,0,0,0,0,0,0,0,0,0,0,0,0,0,0,0,0,0,0,0,0.25181354665135314,-0.23491227493642874,0.09154839090042799,0,0,0,0,0,0,0
3.25,0.16503836019770804,0.9678664187439789,0,0,0,-0.5320393790669833,-0.8526201294372533,1.9656668372758381,-1.883818379734288,0,-0.017307896889146468,-0.16413650446213368,1.4135036923120694,-3.083655884616049,0,0,0,0,0,0,0,0,0,0,0,0,0,0,0,0,0,0,0,0,0,0,0,0,0,0,0.3071546745568788,-0.2733110973317545,0.141950508124967,0,0,0,0,0,0,0
3.5,0.155163524795671,0.9961402660184678,0,0,0,-0.5957280395085887,-0.8544111700085768,1.9994740580740826,-1.8850380203125747,0,0.05462339776248659,-0.1453032554770426,1.1868962536064058,-3.0264298044591538,0,0,0,0,0,0,0,0,0,0,0,0,0,0,0,0,0,0,0,0,0,0,0,0,0,0,0.36944277834020733,-0.3290654693859232,0.17108509132476457,0,0,0,0,0,0,0
3.75,0.16705882603148972,1.0242132638830244,0,0,0,-0.6578982042610386,-0.8541301875562679,1.9986157885815443,-1.9300508938632683,0,0.10667099834718274,-0.1288138286331182,1.0444657470323933,-2.969732332954395,0,0,0,0,0,0,0,0,0,0,0,0,0,0,0,0,0,0,0,0,0,0,0,0,0,0,0.4347251210149906,-0.38826605240946876,0.20071298418196104,0,0,0,0,0,0,0
4.0,0.18076651868116217,1.0256349903274615,0,0,0,-0.6715006865106026,-0.8468288313737569,2.0936923085812214,-1.9845491882282191,0,0.1327323445888633,-0.12307644253650274,0.9601278030050459,-2.953208163238894,0,0,0,0,0,0,0,0,0,0,0,0,0,0,0,0,0,0,0,0,0,0,0,0,0,0,0.4490529521635197,-0.4028027242736314,0.20416603614037032,0,0,0,0,0,0,0
4.25,0.1705991352806346,1.0170707618747468,0,0,0,-0.6572106366850234,-0.844351185055471,1.9910355101355641,-2.002431983737875,0,0.10395522380291844,-0.13551256461195815,0.879465174910308,-2.9865053442426186,0,0,0,0,0,0,0,0,0,0,0,0,0,0,0,0,0,0,0,0,0,0,0,0,0,0,0.40344050002512105,-0.3642085956101344,0.1775545476765803,0,0,0,0,0,0,0
4.5,0.16762633430289087,0.9989163442926664,0,0,0,-0.6374670448508621,-0.8318874882546545,1.6390143208213876,-2.087052558667062,0,0.0709714012317868,-0.15198850706642597,0.7441459321243541,-3.04540280692231,0,0,0,0,0,0,0,0,0,0,0,0,0,0,0,0,0,0,0,0,0,0,0,0,0,0,0.35224171956552836,-0.3230117947268829,0.14302083775934005,0,0,0,0,0,0,0
4.75,0.17148063256692403,0.9747111163811163,0,0,0,-0.6157110271321371,-0.8124897314704933,1.2518601723928335,-2.112886311810195,0,0.0355040028009872,-0.1678002601634747,0.6122765736236483,-3.1059734017588125,0,0,0,0,0,0,0,0,0,0,0,0,0,0,0,0,0,0,0,0,0,0,0,0,0,0,0.29850110163448523,-0.2806047706842165,0.10317428980759291,0,0,0,0,0,0,0
5.0,0.18284377271762256,0.9423804472008451,0,0,0,-0.591642502698055,-0.7837830330872659,0.9362195771433509,-2.0766878253170047,0,-0.00263847386152527,-0.18282494746023126,0.5699333695820057,-3.139574558742,0,0,0,0,0,0,0,0,0,0,0,0,0,0,0,0,0,0,0,0,0,0,0,0,0,0,0.24387708815491188,-0.23709229443208057,0.05767013799788234,0,0,0,0,0,0,0
5.25,0.20163210079518934,0.8989528757784986,0,0,0,-0.5649049632912679,-0.742296959550456,0.7238493848109379,-2.0278114666798173,0,-0.04364621203929486,-0.19691419801955368,0.6655975707076547,-3.1268708943042016,0,0,0,0,0,0,0,0,0,0,0,0,0,0,0,0,0,0,0,0,0,0,0,0,0,0,0.19270574477826447,-0.192601317106446,0.006382926159197,0,0,0,0,0,0,0
5.5,0.22722774861916542,0.8401757353072276,0,0,0,-0.5350738050614279,-0.682879292098479,0.5898190685883222,-1.990212876603383,0,-0.0877003206853153,-0.2098914959160858,0.8156890989813039,-3.08515909318551,0,0,0,0,0,0,0,0,0,0,0,0,0,0,0,0,0,0,0,0,0,0,0,0,0,0,0.15562919537714034,-0.14727995743858235,-0.05047286471978829,0,0,0,0,0,0,0
5.75,0.2588436096211642,0.7601884930454894,0,0,0,-0.501642696625515,-0.5978616909721612,0.5062037671041534,-1.966076993424982,0,-0.13496235038897364,-0.22155030890891103,0.9516762826191957,-3.0408504157239893,0,0,0,0,0,0,0,0,0,0,0,0,0,0,0,0,0,0,0,0,0,0,0,0,0,0,0.15103557045002303,-0.10129546131179024,-0.11222349930116615,0,0,0,0,0,0,0
6.0,0.26676397138522673,0.7741895814408067,0,0,0,-0.5426474030940764,-0.5827905203918906,0.47715433103929117,-1.9431244782730064,0,-0.1538984724185637,-0.2187645174793631,0.7765171095816187,-2.9678041342372063,0,0,0,0,0,0,0,0,0,0,0,0,0,0,0,0,0,0,0,0,0,0,0,0,0,0,0.14869602409414706,-0.08809240536693053,-0.1199479372484824,0,0,0,0,0,0,0
6.25,0.2671460792335572,0.8172291505385508,0,0,0,-0.5582518778950765,-0.6322184019025903,1.7570885356724035,-2.195342714725672,0,-0.15559407607164855,-0.2180436013601359,0.5800793117289463,-2.9330761449499714,0,0,0,0,0,0,0,0,0,0,0,0,0,0,0,0,0,0,0,0,0,0,0,0,0,0,0.14147283182030318,-0.09370730673593886,-0.10614388452614709,0,0,0,0,0,0,0
6.5,0.27864128322697235,0.8568024816429716,0,0,0,-0.6090761973793422,-0.6461061128979173,1.826748878354103,-2.207815327725317,0,-0.17389751953025567,-0.2188283048001589,0.6204375703943155,-2.931435755688879,0,0,0,0,0,0,0,0,0,0,0,0,0,0,0,0,0,0,0,0,0,0,0,0,0,0,0.14302712463622877,-0.09926537252855017,-0.10314132676110832,0,0,0,0,0,0,0
6.75,0.2342046313955333,1.0106077206374027,0,0,0,-0.7802219549202221,-0.7263897349756641,2.3915507073785713,-2.0279697068796128,0,-0.07537205383374324,-0.2219560663110407,0.6534340441724076,-2.9261899516958216,0,0,0,0,0,0,0,0,0,0,0,0,0,0,0,0,0,0,0,0,0,0,0,0,0,0,0.14832215406440197,-0.13431565385401023,-0.06310905046304982,0,0,0,0,0,0,0
7.0,0.27981607217724386,0.7578998016564655,0,0,0,-0.49658707824584347,-0.5987198761684085,0.5688340133719488,-1.9579047121050452,0,-0.18331442049828728,-0.21260724681719578,0.853095799537691,-2.947800717259794,0,0,0,0,0,0,0,0,0,0,0,0,0,0,0,0,0,0,0,0,0,0,0,0,0,0,0.13780911221109995,-0.08896524185891952,-0.10538441353867922,0,0,0,0,0,0,0
7.25,0.19276654821565883,0.5663881158229822,0,0,0,-0.10613929234687558,-0.5574248807023561,0.44223660866258785,-1.8835582862555609,0,-0.003924407275074371,-0.19272709279125366,0.8221631582932243,-2.9203465410977376,0,0,0,0,0,0,0,0,0,0,0,0,0,0,0,0,0,0,0,0,0,0,0,0,0,0,0.16468923788013998,-0.1388446127268841,-0.08885688983340234,0,0,0,0,0,0,0
7.5,0.17742184272861072,0.5299710616802704,0,0,0,-0.05716777964400488,-0.5271714578581737,0.3980256987971258,-1.8743053269503327,0,-0.02794227816724759,-0.17523055547805022,0.7041100162255572,-2.9221994097916983,0,0,0,0,0,0,0,0,0,0,0,0,0,0,0,0,0,0,0,0,0,0,0,0,0,0,0.16417234105869666,-0.13152413710032507,-0.0985395851828097,0,0,0,0,0,0,0
7.75,0.21464851274148283,0.514305011285201,0,0,0,-0.07221692662312762,-0.5096607607199846,0.4349266442207812,-1.8932819270035457,0,-0.12829082967924732,-0.17256687264268988,0.6121004740862211,-2.931987021005204,0,0,0,0,0,0,0,0,0,0,0,0,0,0,0,0,0,0,0,0,0,0,0,0,0,0,0.17978119218264013,-0.1357752959886358,-0.11820487128406243,0,0,0,0,0,0,0
8.0,0.2102753787490776,0.50125396130566,0,0,0,-0.05304928401505937,-0.49867683865828694,0.4225262726065642,-1.8856075613383105,0,-0.1286394262128705,-0.16679793648798236,0.5971811043021116,-2.9248195075684618,0,0,0,0,0,0,0,0,0,0,0,0,0,0,0,0,0,0,0,0,0,0,0,0,0,0,0.1798489850215135,-0.1337040515511605,-0.12064745550535627,0,0,0,0,0,0,0
8.25,0.21972631095803205,0.48996610012892494,0,0,0,-0.04081689446917913,-0.48840085805009315,0.42511628294015846,-1.8840567009042282,0,-0.1480473633129049,-0.16296096866951415,0.5695102056925793,-2.9272479450376876,0,0,0,0,0,0,0,0,0,0,0,0,0,0,0,0,0,0,0,0,0,0,0,0,0,0,0.18097508528698203,-0.13092986577908672,-0.12529667595206218,0,0,0,0,0,0,0
8.5,0.21234724332929344,0.49016095974774704,0,0,0,-0.04115156195073366,-0.4885706366697873,0.40794774357553315,-1.8828913021632565,0,-0.13857526491782202,-0.16141726468202133,0.5669420279947599,-2.9279117595763715,0,0,0,0,0,0,0,0,0,0,0,0,0,0,0,0,0,0,0,0,0,0,0,0,0,0,0.18018437940067905,-0.13170698949592752,-0.12331993181312773,0,0,0,0,0,0,0
8.75,0.1963702511036833,0.5074917383034004,0,0,0,-0.06286231945482168,-0.5039211954825555,0.38526547149687973,-1.882886891700431,0,-0.10972143570598814,-0.1631858465716367,0.5581372279524633,-2.923619472476724,0,0,0,0,0,0,0,0,0,0,0,0,0,0,0,0,0,0,0,0,0,0,0,0,0,0,0.1792646114995494,-0.13824839907572306,-0.11448520702297693,0,0,0,0,0,0,0
9.0,0.18864729664424945,0.5152223350171519,0,0,0,-0.07432198761103903,-0.5103121562215231,0.37521377226692165,-1.8863258936123533,0,-0.09390092937699546,-0.16385823133849753,0.5483479851648885,-2.9217819524699182,0,0,0,0,0,0,0,0,0,0,0,0,0,0,0,0,0,0,0,0,0,0,0,0,0,0,0.178070776677943,-0.14013972897475768,-0.11022596535759122,0,0,0,0,0,0,0
9.25,0.17947960079401057,0.5322197315461903,0,0,0,-0.09074159114030489,-0.5251623200445734,0.36899268289228426,-1.8888406474933384,0,-0.06985251701200146,-0.16546352567999034,0.5359156696192545,-2.9198288190560957,0,0,0,0,0,0,0,0,0,0,0,0,0,0,0,0,0,0,0,0,0,0,0,0,0,0,0.17729986116519605,-0.14544557983211637,-0.10175454955150554,0,0,0,0,0,0,0
9.5,0.1727415632919589,0.5382879075771453,0,0,0,-0.10587537366226685,-0.5287814226018197,0.3619604735683663,-1.8917509882603143,0,-0.04212611349144324,-0.1675759013911733,0.5504047053509652,-2.919063343160361,0,0,0,0,0,0,0,0,0,0,0,0,0,0,0,0,0,0,0,0,0,0,0,0,0,0,0.17517470825480694,-0.1448964891415787,-0.0987908246632423,0,0,0,0,0,0,0
9.75,0.1801851690192602,0.5284890772910356,0,0,0,-0.11156416911820122,-0.5176748388985417,0.3926444808586829,-1.9068644178892993,0,-0.049549524874244355,-0.1733094753375246,0.5563044810906415,-2.923453163635356,0,0,0,0,0,0,0,0,0,0,0,0,0,0,0,0,0,0,0,0,0,0,0,0,0,0,0.1666375347921843,-0.12832133463417716,-0.10660297592699108,0,0,0,0,0,0,0
10.0,0.20049800741446197,0.49953167514879687,0,0,0,-0.11611678761792854,-0.4869627287781224,0.46166440192206243,-1.9344959219160682,0,-0.0806162047290393,-0.18377660455360845,0.5628075162987569,-2.9358706787220386,0,0,0,0,0,0,0,0,0,0,0,0,0,0,0,0,0,0,0,0,0,0,0,0,0,0,0.15650374218457716,-0.09255470857296544,-0.12638327156906604,0,0,0,0,0,0,0
10.25,0.22514058355582628,0.4621316139296921,0,0,0,-0.1211930660581344,-0.4470689353545376,0.5439224805755001,-1.9636100254883666,0,-0.11420989684399463,-0.1944462226877488,0.5752869302000123,-2.9580346439041523,0,0,0,0,0,0,0,0,0,0,0,0,0,0,0,0,0,0,0,0,0,0,0,0,0,0,0.15897951102882946,-0.05634812969486114,-0.1487374428242083,0,0,0,0,0,0,0
10.5,0.25395256926093235,0.41404293244956064,0,0,0,-0.1268885544434688,-0.39519460136606055,0.6384175037659854,-1.9929818531658114,0,-0.15056619692942386,-0.20528408773297757,0.597390835706766,-2.994710083528826,0,0,0,0,0,0,0,0,0,0,0,0,0,0,0,0,0,0,0,0,0,0,0,0,0,0,0.1747825906081716,-0.019789878794558513,-0.173669974849455,0,0,0,0,0,0,0
10.75,0.3498067692526069,0.42090499940856385,0,0,0,-0.13332346181365562,-0.40043394484644024,0.7434099177542669,-2.020894284340986,0,-0.18993162733334867,-0.2955499355439777,0.6361869695127966,-3.054324939053026,0,0,0,0,0,0,0,0,0,0,0,0,0,0,0,0,0,0,0,0,0,0,0,0,0,0,0.14499149510500695,0.01702629897325525,-0.1439952958678581,0,0,0,0,0,0,0
11.0,0.467414292361436,0.4434731735146875,0,0,0,-0.14065112288698556,-0.4219901297943376,0.8562499246804968,-2.045332338731669,0,-0.23255765473101064,-0.40921478085263807,0.706065873791362,-3.152693710123715,0,0,0,0,0,0,0,0,0,0,0,0,0,0,0,0,0,0,0,0,0,0,0,0,0,0,0.11318605446879242,0.054002548845580645,-0.09952107266756305,0,0,0,0,0,0,0
11.25,0.5887781836355046,0.46875050013407404,0,0,0,-0.14907019124945142,-0.446095513658578,0.9734451507969071,-2.064401672824479,0,-0.2786914463658323,-0.5256567741426488,0.8369329087499937,-3.3206117519424985,0,0,0,0,0,0,0,0,0,0,0,0,0,0,0,0,0,0,0,0,0,0,0,0,0,0,0.10501881495942865,0.09103842184020117,-0.0524266742413273,0,0,0,0,0,0,0
11.5,0.5876815605878448,0.4676955013521052,0,0,0,-0.14907437774321597,-0.44497696500262496,0.9667556274759429,-2.0627276065715994,0,-0.2758378611943586,-0.5257958230062041,0.8410633917441863,-3.3118729024093407,0,0,0,0,0,0,0,0,0,0,0,0,0,0,0,0,0,0,0,0,0,0,0,0,0,0,0.10472579950207948,0.09132411365766879,-0.051329614614573194,0,0,0,0,0,0,0
11.75,0.5864950851791887,0.4653411721296523,0,0,0,-0.14825644855896902,-0.44274117998892626,0.9623403283441442,-2.0625591692574923,0,-0.27278957939445836,-0.525913668956838,0.8603792056835431,-3.316399530532483,0,0,0,0,0,0,0,0,0,0,0,0,0,0,0,0,0,0,0,0,0,0,0,0,0,0,0.1045166332409319,0.09181990231882975,-0.04999862640729069,0,0,0,0,0,0,0
12.0,0.5866675831924246,0.46280579724632026,0,0,0,-0.1451039726574408,-0.44104323732466355,0.9593701272919823,-2.063525925130085,0,-0.26982523982980533,-0.5275287855364272,0.8795071542515704,-3.31716065909761,0,0,0,0,0,0,0,0,0,0,0,0,0,0,0,0,0,0,0,0,0,0,0,0,0,0,0.10386934897059334,0.09218753416084358,-0.047925060258857455,0,0,0,0,0,0,0
12.25,0.578489068510895,0.4595368928599815,0,0,0,-0.14234078433917485,-0.4384405843148871,0.9594281298749472,-2.0657524289164013,0,-0.25909175353350244,-0.5232477871677039,0.9081149811026107,-3.3240693853672307,0,0,0,0,0,0,0,0,0,0,0,0,0,0,0,0,0,0,0,0,0,0,0,0,0,0,0.10281410803025447,0.09094189703528799,-0.048027864045819824,0,0,0,0,0,0,0
12.5,0.575347563192964,0.46100495004400704,0,0,0,-0.14735913928759015,-0.43843163881058933,0.981756775849453,-2.078113660073717,0,-0.25520448483739244,-0.5214722587245588,0.8891745325786158,-3.2983439559525713,0,0,0,0,0,0,0,0,0,0,0,0,0,0,0,0,0,0,0,0,0,0,0,0,0,0,0.10249160331272061,0.09068627643258576,-0.04782051124483644,0,0,0,0,0,0,0
12.75,0.5717299391798147,0.4635969500508654,0,0,0,-0.15479399572692754,-0.4387722641190672,0.9987955039630951,-2.0875404842322243,0,-0.25028076859687864,-0.519614083900668,0.86282886485163,-3.273612949752195,0,0,0,0,0,0,0,0,0,0,0,0,0,0,0,0,0,0,0,0,0,0,0,0,0,0,0.10215128056592464,0.0904137897433499,-0.047606835150413085,0,0,0,0,0,0,0
13.0,0.5683987687776899,0.4644892092778338,0,0,0,-0.15996142104575295,-0.4379756487413715,1.0377154320502746,-2.1070959943149856,0,-0.24680194667382405,-0.5174188381386946,0.8370369930181281,-3.239483999248812,0,0,0,0,0,0,0,0,0,0,0,0,0,0,0,0,0,0,0,0,0,0,0,0,0,0,0.10188515822455284,0.09057471304196585,-0.0467202308740271,0,0,0,0,0,0,0
13.25,0.5668095950687824,0.46741334304020815,0,0,0,-0.17000702458150108,-0.437543884928111,1.0598596742983755,-2.1186649679327734,0,-0.24453762167566828,-0.5166353589400754,0.799922724763617,-3.206665120094122,0,0,0,0,0,0,0,0,0,0,0,0,0,0,0,0,0,0,0,0,0,0,0,0,0,0,0.10227748533897224,0.09168234729283387,-0.04539613840401402,0,0,0,0,0,0,0
13.5,0.5512758076364317,0.4666903908600356,0,0,0,-0.16355161757428194,-0.43908460145476846,1.0449665974655065,-2.103517655669647,0,-0.2291015316158096,-0.5059540718251325,0.8167337775239937,-3.21324983369724,0,0,0,0,0,0,0,0,0,0,0,0,0,0,0,0,0,0,0,0,0,0,0,0,0,0,0.10119786647627449,0.08698001875822814,-0.051790475528605384,0,0,0,0,0,0,0
13.75,0.5347550183435905,0.46627203236485254,0,0,0,-0.15889370915714407,-0.4402472405511224,1.0317135266613338,-2.0883784000703938,0,-0.21509191741486822,-0.4934849878491323,0.8337410586223395,-3.2186672071139464,0,0,0,0,0,0,0,0,0,0,0,0,0,0,0,0,0,0,0,0,0,0,0,0,0,0,0.10021448032903064,0.0813318663690461,-0.05861441903946574,0,0,0,0,0,0,0
14.0,0.5179782160058531,0.4654849840389775,0,0,0,-0.15104704958626458,-0.4420053698843618,1.0217796306409517,-2.076629152061725,0,-0.1994190899251047,-0.4813113696030542,0.8450587326960498,-3.2206635063363445,0,0,0,0,0,0,0,0,0,0,0,0,0,0,0,0,0,0,0,0,0,0,0,0,0,0,0.10058530163066987,0.07580809170359282,-0.06617348543931101,0,0,0,0,0,0,0
14.25,0.488308835214838,0.46554063966205467,0,0,0,-0.1566739251697855,-0.44021628548221203,0.9813587240883913,-2.0721677404209875,0,-0.1811340750434507,-0.45601220177415547,0.8464516986482866,-3.217495192741963,0,0,0,0,0,0,0,0,0,0,0,0,0,0,0,0,0,0,0,0,0,0,0,0,0,0,0.10212099563753911,0.06725624341891745,-0.07690396049966619,0,0,0,0,0,0,0
14.5,0.4544968545974166,0.4696838667155332,0,0,0,-0.17599284644951307,-0.43776443719686053,0.9164306761659308,-2.081650752145609,0,-0.16331311554617023,-0.4260666169123537,0.8431026634148201,-3.2167068135762316,0,0,0,0,0,0,0,0,0,0,0,0,0,0,0,0,0,0,0,0,0,0,0,0,0,0,0.10581370857502008,0.05909865535050374,-0.0878229812105058,0,0,0,0,0,0,0
14.75,0.43132837410022606,0.4769230545418321,0,0,0,-0.19587202567806905,-0.437695879166244,0.9324595113825974,-2.087103820228585,0,-0.15541550999225895,-0.4040060741900209,0.8716460002784935,-3.221111050472684,0,0,0,0,0,0,0,0,0,0,0,0,0,0,0,0,0,0,0,0,0,0,0,0,0,0,0.1082697688318866,0.05108741378445769,-0.09550057426101355,0,0,0,0,0,0,0
15.0,0.4354294404396513,0.482772860937507,0,0,0,-0.206246336106239,-0.4396778888119446,0.9952998287412868,-2.097995961606401,0,-0.15936210731671685,-0.40696758162117663,0.9087170745510681,-3.2352020007728837,0,0,0,0,0,0,0,0,0,0,0,0,0,0,0,0,0,0,0,0,0,0,0,0,0,0,0.10596904685782797,0.05048236569592923,-0.09321135041241524,0,0,0,0,0,0,0
15.25,0.3914639605469659,0.48441830296315586,0,0,0,-0.22049335807281945,-0.4349232041156643,0.9663241437421115,-2.106391665780703,0,-0.15264003574925278,-0.3619015962096468,0.8768455795438591,-3.233762440597959,0,0,0,0,0,0,0,0,0,0,0,0,0,0,0,0,0,0,0,0,0,0,0,0,0,0,0.11710896611666188,0.03588594883794749,-0.1114991039272144,0,0,0,0,0,0,0
15.5,0.31366326713637943,0.481541774786367,0,0,0,-0.23291663334166923,-0.42538953412013925,0.8796075995913154,-2.1051469419800743,0,-0.14222410597964186,-0.2805192304505366,0.7968453919663735,-3.2149874560242746,0,0,0,0,0,0,0,0,0,0,0,0,0,0,0,0,0,0,0,0,0,0,0,0,0,0,0.14597810666898084,0.010461892569758602,-0.14560539488866753,0,0,0,0,0,0,0
15.75,0.25377163143066,0.4937552340135246,0,0,0,-0.2448879075744348,-0.4331712172611235,0.7943162874986258,-2.0994766221251795,0,-0.1318932405654094,-0.21743861950551246,0.725012136872241,-3.192516909854689,0,0,0,0,0,0,0,0,0,0,0,0,0,0,0,0,0,0,0,0,0,0,0,0,0,0,0.16618630238335141,-0.015506012475865472,-0.16546796996020507,0,0,0,0,0,0,0
16.0,0.24273059588448842,0.5463215818033142,0,0,0,-0.25642815723033974,-0.4878891890123809,0.7129777185543887,-2.0896172654859635,0,-0.1216485796357405,-0.21056909916534106,0.6623157178756085,-3.1680493037464887,0,0,0,0,0,0,0,0,0,0,0,0,0,0,0,0,0,0,0,0,0,0,0,0,0,0,0.15082923806865658,-0.04199928077294879,-0.1449064683450496,0,0,0,0,0,0,0
16.25,0.2314134099857715,0.5921950658374228,0,0,0,-0.26755733532261816,-0.5348829666529511,0.6380774876292339,-2.076225580087526,0,-0.11149117201138226,-0.20320825668781262,0.6091252115369802,-3.1430149645305914,0,0,0,0,0,0,0,0,0,0,0,0,0,0,0,0,0,0,0,0,0,0,0,0,0,0,0.14279842455462802,-0.06899572663454023,-0.12512336456397177,0,0,0,0,0,0,0
16.5,0.2198183786192796,0.632054775121502,0,0,0,-0.27829440656924764,-0.5751710638597327,0.5718330921559427,-2.060232483827544,0,-0.10142197672402165,-0.1953586083942438,0.5652993078476847,-3.1184810170269057,0,0,0,0,0,0,0,0,0,0,0,0,0,0,0,0,0,0,0,0,0,0,0,0,0,0,0.14334746358857747,-0.09646938584913411,-0.10619408660025642,0,0,0,0,0,0,0
16.75,0.20794552498407093,0.6666226575146291,0,0,0,-0.28865738498166893,-0.6096761496910648,0.5160008902757035,-2.0426580411922526,0,-0.09144186468704518,-0.187022721368034,0.5303014322464112,-3.095161341849308,0,0,0,0,0,0,0,0,0,0,0,0,0,0,0,0,0,0,0,0,0,0,0,0,0,0,0.15234477147614608,-0.12439049301844096,-0.08818221677726767,0,0,0,0,0,0,0
17.0,0.19689710763789642,0.649573839397353,0,0,0,-0.26544000527196787,-0.600162203491875,0.4739955305166875,-2.012354222193197,0,-0.06692366158837437,-0.18531350783810918,0.522553101703547,-3.090964369938544,0,0,0,0,0,0,0,0,0,0,0,0,0,0,0,0,0,0,0,0,0,0,0,0,0,0,0.1528555250538701,-0.12277593734373249,-0.09128425671459683,0,0,0,0,0,0,0
17.25,0.19395422544951252,0.641007238671751,0,0,0,-0.2545026164158828,-0.5949610565487906,0.4547438824532957,-1.9993369196182365,0,-0.05917833545376627,-0.1848137954280309,0.5134945639300689,-3.082638347902805,0,0,0,0,0,0,0,0,0,0,0,0,0,0,0,0,0,0,0,0,0,0,0,0,0,0,0.15395046108584057,-0.12242059029688024,-0.09358292092985643,0,0,0,0,0,0,0
17.5,0.1914729556623507,0.6343942863488793,0,0,0,-0.24741264584074352,-0.5903838377335737,0.44515464468528193,-1.9946863505853563,0,-0.054031241153291054,-0.18378102754199666,0.506987395667037,-3.0768913047522544,0,0,0,0,0,0,0,0,0,0,0,0,0,0,0,0,0,0,0,0,0,0,0,0,0,0,0.1532816645161617,-0.12097080696493467,-0.09436545090302206,0,0,0,0,0,0,0
17.75,0.19409176722398727,0.6370097838979762,0,0,0,-0.2510287257984223,-0.5918880048039115,0.45489284619009257,-2.004203357310284,0,-0.06050891397709712,-0.18453170086238746,0.4991083894322982,-3.0689112581065534,0,0,0,0,0,0,0,0,0,0,0,0,0,0,0,0,0,0,0,0,0,0,0,0,0,0,0.1516466429729524,-0.12005751428235678,-0.09286763721546776,0,0,0,0,0,0,0
18.0,0.1911178141044063,0.6284705432461882,0,0,0,-0.2393886849637583,-0.586879275053418,0.44858359165010536,-2.000782634925691,0,-0.054564470961967926,-0.18325432229443694,0.49191485430149373,-3.062199975798272,0,0,0,0,0,0,0,0,0,0,0,0,0,0,0,0,0,0,0,0,0,0,0,0,0,0,0.15082033073135923,-0.11759459260363947,-0.0946554074231658,0,0,0,0,0,0,0
18.25,0.1903642942808405,0.6220576997039869,0,0,0,-0.23294386307511883,-0.5822270439732136,0.4479665579928736,-1.9988991027052243,0,-0.055037475607132125,-0.18232687126868052,0.4905585369468461,-3.0606528315466006,0,0,0,0,0,0,0,0,0,0,0,0,0,0,0,0,0,0,0,0,0,0,0,0,0,0,0.1498070551166016,-0.11434086751712913,-0.09700199395347187,0,0,0,0,0,0,0
18.5,0.18590671546335608,0.6106169474736446,0,0,0,-0.22088637449348192,-0.5740731503908241,0.4344464708032285,-1.9874608490504597,0,-0.04730750030311004,-0.1798540916250504,0.4931594003939961,-3.0636575998723936,0,0,0,0,0,0,0,0,0,0,0,0,0,0,0,0,0,0,0,0,0,0,0,0,0,0,0.14959818955703313,-0.1122276423774462,-0.09912562114638934,0,0,0,0,0,0,0
18.75,0.1831031073089187,0.5966084599984501,0,0,0,-0.2072592345214881,-0.5636001206612651,0.415140644496776,-1.9703367639836427,0,-0.04380598555432669,-0.17784279556832683,0.4908166625617325,-3.0606796107974166,0,0,0,0,0,0,0,0,0,0,0,0,0,0,0,0,0,0,0,0,0,0,0,0,0,0,0.1505210588129621,-0.11066621834672197,-0.10223654775664937,0,0,0,0,0,0,0
19.0,0.19701158243141131,0.6278964801638638,0,0,0,-0.2416092148274147,-0.5854311789309885,0.5010799378232551,-2.0397431047457735,0,-0.07619944590784988,-0.18185538849555027,0.52204810483966,-3.0881800611931145,0,0,0,0,0,0,0,0,0,0,0,0,0,0,0,0,0,0,0,0,0,0,0,0,0,0,0.1497105917368632,-0.1152487601112746,-0.09576874316751294,0,0,0,0,0,0,0
19.25,0.2160955849218324,0.6555505863888825,0,0,0,-0.2772045090913169,-0.6020507076043784,0.5860992643759064,-2.09932559636881,0,-0.1112694973717876,-0.18563150777905402,0.5225800039487801,-3.080874486040496,0,0,0,0,0,0,0,0,0,0,0,0,0,0,0,0,0,0,0,0,0,0,0,0,0,0,0.14815210319523017,-0.11738295548645539,-0.09059824270728845,0,0,0,0,0,0,0
19.5,0.2797209491457594,0.7644145715758871,0,0,0,-0.4502745061109761,-0.6406717398989183,1.4899853879843923,-2.885257246801105,0,-0.21280475175044034,-0.18293653278681976,0.9944321836637071,-3.563195413599814,0,0,0,0,0,0,0,0,0,0,0,0,0,0,0,0,0,0,0,0,0,0,0,0,0,0,0.14050160522372512,-0.11580588459960306,-0.07973806322275956,0,0,0,0,0,0,0
19.75,0.3149838792535641,0.8971423050731401,0,0,0,-0.6720093796314561,-0.6481971578839909,1.0804626782936093,-2.424510550527699,0,-0.2621240399814222,-0.17670813896069637,0.9295142969520009,-3.447743665074343,0,0,0,0,0,0,0,0,0,0,0,0,0,0,0,0,0,0,0,0,0,0,0,0,0,0,0.1426476401053364,-0.11615286934412827,-0.08299324174182798,0,0,0,0,0,0,0
20.0,0.30183559105418956,0.8684530939377165,0,0,0,-0.36721169015100186,-0.8063291451889576,2.6222017598361975,-2.0659286320819827,0,-0.1925662466303968,-0.2338872967914989,0.48325479121124126,-2.959750766543846,0,0,0,0,0,0,0,0,0,0,0,0,0,0,0,0,0,0,0,0,0,0,0,0,0,0,0.18196411493878967,-0.1761898255765888,-0.04571385314248966,0,0,0,0,0,0,0
20.25,0.21886865096762081,0.7930083523167162,0,0,0,-0.22804683994310437,-0.7664819320588263,2.573945110025267,-2.001097248477905,0,-0.015056649443499381,-0.21835841713755388,0.37620367262762094,-2.9247086364436043,0,0,0,0,0,0,0,0,0,0,0,0,0,0,0,0,0,0,0,0,0,0,0,0,0,0,0.18396711393952325,-0.18238464473270843,-0.024212714075420694,0,0,0,0,0,0,0
20.5,0.2206518667628391,0.7440328692118431,0,0,0,-0.34744270488687246,-0.6721249122008333,2.5395447516574134,-2.142469468441714,0,-0.06437680803880497,-0.21119823222729917,0.8300599745590126,-3.0090622033086563,0,0,0,0,0,0,0,0,0,0,0,0,0,0,0,0,0,0,0,0,0,0,0,0,0,0,0.16458460829631918,-0.14817140924030991,-0.07191133242331182,0,0,0,0,0,0,0
20.75,0.21922012751448727,0.6877023071176089,0,0,0,-0.29164550090472297,-0.6321228808712593,2.561602384286795,-2.150080497520355,0,-0.05527484845818065,-0.2122455695232317,1.2965268535484809,-3.1157861494794745,0,0,0,0,0,0,0,0,0,0,0,0,0,0,0,0,0,0,0,0,0,0,0,0,0,0,0.15336654285480572,-0.12954174353413483,-0.08232987247750745,0,0,0,0,0,0,0
21.0,0.22817301025070127,0.6419231607044463,0,0,0,-0.27860385049094405,-0.5861642568127925,2.4484481788861556,-2.256275316454415,0,-0.07620403245472418,-0.21528096045880263,1.3507396328144834,-3.1605006478024187,0,0,0,0,0,0,0,0,0,0,0,0,0,0,0,0,0,0,0,0,0,0,0,0,0,0,0.14299774008924343,-0.0957153341885566,-0.10640277029921452,0,0,0,0,0,0,0
21.25,0.23934056822233898,0.5897916954840497,0,0,0,-0.2650742458895632,-0.5333015815364446,2.2658465188371637,-2.389494869804916,0,-0.09864835540614303,-0.21842106029507535,1.4117967207465916,-3.2089251535477956,0,0,0,0,0,0,0,0,0,0,0,0,0,0,0,0,0,0,0,0,0,0,0,0,0,0,0.14503528820438868,-0.06128213902999868,-0.13153487442976775,0,0,0,0,0,0,0
21.5,0.25289006168114914,0.530682628476319,0,0,0,-0.2510340214569524,-0.47264026059597875,2.007060950594993,-2.50860738174641,0,-0.12275326535717301,-0.22165933578795927,1.48011831734056,-3.2603439824096982,0,0,0,0,0,0,0,0,0,0,0,0,0,0,0,0,0,0,0,0,0,0,0,0,0,0,0.15972737127432698,-0.026309376052591427,-0.15756391645559886,0,0,0,0,0,0,0
21.75,0.29485542677073323,0.49063027758117544,0,0,0,-0.23645957494481018,-0.43401997457699304,1.7081502301801792,-2.52151457147405,0,-0.14867876785416168,-0.25557475172132227,1.5557807665362453,-3.313307342351552,0,0,0,0,0,0,0,0,0,0,0,0,0,0,0,0,0,0,0,0,0,0,0,0,0,0,0.16186595457758282,0.009128356441663321,-0.161610603222204,0,0,0,0,0,0,0
22.0,0.38158643050377156,0.4899134489121109,0,0,0,-0.221326383099677,-0.4407420209111379,1.4361360006282258,-2.4200600102117833,0,-0.17660010376966317,-0.3400508028155287,1.6383245433998381,-3.3653834621716103,0,0,0,0,0,0,0,0,0,0,0,0,0,0,0,0,0,0,0,0,0,0,0,0,0,0,0.13687071787604552,0.044949813127696414,-0.12932279612285447,0,0,0,0,0,0,0
22.25,0.47136780666355327,0.4893157934283036,0,0,0,-0.20560903166187128,-0.4472353440490098,1.2286376765183338,-2.2947362290630653,0,-0.20670800812068668,-0.4267224895044379,1.7265780705427078,-3.4130460423615014,0,0,0,0,0,0,0,0,0,0,0,0,0,0,0,0,0,0,0,0,0,0,0,0,0,0,0.1255780181933022,0.08106805944019158,-0.0960105377529561,0,0,0,0,0,0,0
22.5,0.49032518691157706,0.48887360921757383,0,0,0,-0.20505423645763,-0.44698550590149555,1.2504218624694008,-2.30790808208826,0,-0.23347584664071608,-0.43520768350619,1.7509735346576698,-3.4694059821419865,0,0,0,0,0,0,0,0,0,0,0,0,0,0,0,0,0,0,0,0,0,0,0,0,0,0,0.12624449211599484,0.08478432421105264,-0.09365002581906912,0,0,0,0,0,0,0
22.75,0.5121504636050107,0.4899405529089226,0,0,0,-0.20614487539619164,-0.44769590319733776,1.2631377590949688,-2.318904396945744,0,-0.264325093089417,-0.4439626749930161,1.7193365671446263,-3.5167863172698337,0,0,0,0,0,0,0,0,0,0,0,0,0,0,0,0,0,0,0,0,0,0,0,0,0,0,0.12678465104180375,0.08828368319043478,-0.09111493075354127,0,0,0,0,0,0,0
23.0,0.5313868008136233,0.48992811517365165,0,0,0,-0.20469589443483538,-0.44831030001038874,1.25219336404195,-2.3151486633786607,0,-0.2872370874547816,-0.45346566397260624,1.7412103306692301,-3.5634158388133015,0,0,0,0,0,0,0,0,0,0,0,0,0,0,0,0,0,0,0,0,0,0,0,0,0,0,0.12979910319835478,0.09450613700617594,-0.08910702833266937,0,0,0,0,0,0,0
23.25,0.5664655877193242,0.4869868692723427,0,0,0,-0.195662906562863,-0.448870788518986,1.220540084595092,-2.3023634526261496,0,-0.32565110314318635,-0.4721089694125591,1.722957584176898,-3.60467599978585,0,0,0,0,0,0,0,0,0,0,0,0,0,0,0,0,0,0,0,0,0,0,0,0,0,0,0.13516108350347272,0.10663756545403769,-0.08320590589794019,0,0,0,0,0,0,0
23.5,0.5838448803669632,0.48643550319039086,0,0,0,-0.1897639719109938,-0.4506508145149515,1.1417578394484895,-2.264333644370757,0,-0.3333952494655197,-0.4886475251296565,1.8366296225601062,-3.570093227167183,0,0,0,0,0,0,0,0,0,0,0,0,0,0,0,0,0,0,0,0,0,0,0,0,0,0,0.135830602981099,0.11084893213294578,-0.07866284075525032,0,0,0,0,0,0,0
23.75,0.6023693601539779,0.4843493529762149,0,0,0,-0.18109705106794416,-0.4517351438248589,1.0942815513446962,-2.245947509188572,0,-0.343796937118378,-0.5049236916616553,1.9533832605389014,-3.508216011967586,0,0,0,0,0,0,0,0,0,0,0,0,0,0,0,0,0,0,0,0,0,0,0,0,0,0,0.13658948679852723,0.11487657082512515,-0.07405549145922263,0,0,0,0,0,0,0
24.0,0.6028037187815551,0.4899149346903138,0,0,0,-0.1901201641817809,-0.454310947379843,1.0240018833844184,-2.201545821497297,0,-0.34631401133061557,-0.5038260174239788,2.0015513343755926,-3.491815721831885,0,0,0,0,0,0,0,0,0,0,0,0,0,0,0,0,0,0,0,0,0,0,0,0,0,0,0.1335837131379948,0.10971181271812558,-0.07636328403014225,0,0,0,0,0,0,0
24.25,0.5584868740282917,0.42587578170618456,0,0,0,-0.12086235032939419,-0.40937578838947264,2.144200933353384,-2.5126580829312077,0,-0.4186129433679018,-0.3812372374445463,1.4294153715281928,-3.4147693366147993,0,0,0,0,0,0,0,0,0,0,0,0,0,0,0,0,0,0,0,0,0,0,0,0,0,0,0.14268222797991836,0.08908939062482135,-0.11159880388897214,0,0,0,0,0,0,0
24.5,0.5359669563849423,0.42807305014262015,0,0,0,-0.13155661316658507,-0.4085514587776131,2.067759842540661,-2.571146476169869,0,-0.39429765153882546,-0.37301782300966213,1.4946026667747438,-3.4022237175190697,0,0,0,0,0,0,0,0,0,0,0,0,0,0,0,0,0,0,0,0,0,0,0,0,0,0,0.1402706865036919,0.08354532666372871,-0.11280820213833587,0,0,0,0,0,0,0
24.75,0.5146430633172,0.4237157249791921,0,0,0,-0.12490655937100992,-0.4059567118500862,2.1539871244387014,-2.5299221234075686,0,-0.3826502906202365,-0.3530281256786951,1.544676243145904,-3.4150033085326212,0,0,0,0,0,0,0,0,0,0,0,0,0,0,0,0,0,0,0,0,0,0,0,0,0,0,0.1463713257709836,0.0837992943828989,-0.12015025271907898,0,0,0,0,0,0,0
25.0,0.4756459772284732,0.437535886355265,0,0,0,-0.15651534924270827,-0.4102840514874728,1.9300150040434196,-2.702205472342854,0,-0.33355518775223025,-0.34565764105672625,1.7737545802203856,-3.3863970181577607,0,0,0,0,0,0,0,0,0,0,0,0,0,0,0,0,0,0,0,0,0,0,0,0,0,0,0.13998346577941548,0.07093335224623631,-0.12078215722749075,0,0,0,0,0,0,0
25.25,0.4029812402616929,0.46541494881660345,0,0,0,-0.2102245927696611,-0.41836963102790437,1.596726627389536,-2.8451413426069343,0,-0.25122430637250237,-0.3184928360919852,2.113390355827835,-3.284665939428328,0,0,0,0,0,0,0,0,0,0,0,0,0,0,0,0,0,0,0,0,0,0,0,0,0,0,0.1371686554913418,0.050066226457441854,-0.12775863219154204,0,0,0,0,0,0,0
25.5,0.4361456880635052,0.4732020753196385,0,0,0,-0.20297422615935035,-0.4304708962840338,1.3855055198080666,-2.6143592594332947,0,-0.2457849175539697,-0.3640270157142276,2.1704880921205665,-3.306897747226602,0,0,0,0,0,0,0,0,0,0,0,0,0,0,0,0,0,0,0,0,0,0,0,0,0,0,0.13197727240397478,0.06011327786065501,-0.11756301108324374,0,0,0,0,0,0,0
25.75,0.5411777355717095,0.4795412606679876,0,0,0,-0.1765214144839542,-0.4482405077695577,1.1498260621732956,-2.290037761497838,0,-0.2718626093467442,-0.47392877222874574,2.07081704924395,-3.4568658519832556,0,0,0,0,0,0,0,0,0,0,0,0,0,0,0,0,0,0,0,0,0,0,0,0,0,0,0.11824527804278226,0.0814726830302761,-0.08579305695276851,0,0,0,0,0,0,0
26.0,0.5359197332227994,0.48419396908426804,0,0,0,-0.19172855500624486,-0.447410248184279,1.1861739567748335,-2.282615726765475,0,-0.28920285576938864,-0.45774214906666666,1.9486298480743685,-3.5014737215468936,0,0,0,0,0,0,0,0,0,0,0,0,0,0,0,0,0,0,0,0,0,0,0,0,0,0,0.12228976834599782,0.08338131938172277,-0.08955975646899117,0,0,0,0,0,0,0
26.25,0.4942217192044392,0.49314846178256666,0,0,0,-0.2268727070580423,-0.44173234032065345,1.1208173828515176,-2.274592981108902,0,-0.2854350488167199,-0.4091501608749033,1.6756501300169595,-3.549608793430637,0,0,0,0,0,0,0,0,0,0,0,0,0,0,0,0,0,0,0,0,0,0,0,0,0,0,0.1272128561562512,0.06896304001070486,-0.10698305398993524,0,0,0,0,0,0,0
26.5,0.4206949079367758,0.5079862444056692,0,0,0,-0.2790499833207325,-0.4301968852874034,0.9496674915238322,-2.2301040238739116,0,-0.2736809967911369,-0.3236186250796116,1.259747467779613,-3.3958602374557385,0,0,0,0,0,0,0,0,0,0,0,0,0,0,0,0,0,0,0,0,0,0,0,0,0,0,0.14376727014152132,0.03791499493618811,-0.13871089957365612,0,0,0,0,0,0,0
26.75,0.3552330866383963,0.5257642212004973,0,0,0,-0.3285086202287135,-0.41823583993377844,0.8020270577756473,-2.175203733247122,0,-0.2627257144483277,-0.2419167690148203,0.9768418098639724,-3.209743710353456,0,0,0,0,0,0,0,0,0,0,0,0,0,0,0,0,0,0,0,0,0,0,0,0,0,0,0.16927088733328566,0.006748917600973847,-0.16913757884967873,0,0,0,0,0,0,0
27.0,0.3258911860180266,0.5743732342727363,0,0,0,-0.375232576175615,-0.4456891180756286,0.6806785145191134,-2.1201274238601435,0,-0.25249283581377147,-0.20828082291069694,0.8074234021293205,-3.0856184285394406,0,0,0,0,0,0,0,0,0,0,0,0,0,0,0,0,0,0,0,0,0,0,0,0,0,0,0.16851888383333236,-0.02447509328520514,-0.1667487529112095,0,0,0,0,0,0,0
27.25,0.31423220027642307,0.6334586379106222,0,0,0,-0.41925519904665554,-0.48983963551446097,0.5840714431020625,-2.0703794633823462,0,-0.24291513356437155,-0.2013373621603407,0.7048038615165878,-3.010499199432228,0,0,0,0,0,0,0,0,0,0,0,0,0,0,0,0,0,0,0,0,0,0,0,0,0,0,0.1563444375392451,-0.0556962652698596,-0.14616304522026202,0,0,0,0,0,0,0
27.5,0.3031247765749074,0.685061944170511,0,0,0,-0.46064795578543194,-0.5266608597795646,0.5087806265208837,-2.027851224016112,0,-0.23393323666033772,-0.19456274790571615,0.6400673263448085,-2.965833886086295,0,0,0,0,0,0,0,0,0,0,0,0,0,0,0,0,0,0,0,0,0,0,0,0,0,0,0.15330595150641105,-0.08685385900290798,-0.12648879844653882,0,0,0,0,0,0,0
27.75,0.2925209786135667,0.7302201703497074,0,0,0,-0.49951011075093277,-0.5572222583873194,0.4510634771649231,-1.9925379580943599,0,-0.22549454993242346,-0.18794378811745638,0.5979091464086821,-2.940129501110051,0,0,0,0,0,0,0,0,0,0,0,0,0,0,0,0,0,0,0,0,0,0,0,0,0,0,0.15956542964187503,-0.117887874121547,-0.10778443865040921,0,0,0,0,0,0,0
28.0,0.2920183474241438,0.7190487624933309,0,0,0,-0.48845027261942997,-0.5508630991127412,0.4363996828871216,-1.989507085191288,0,-0.226441318100425,-0.18599382263413666,0.596023306658309,-2.9408746630916847,0,0,0,0,0,0,0,0,0,0,0,0,0,0,0,0,0,0,0,0,0,0,0,0,0,0,0.16034231646251684,-0.11699198235565955,-0.10989873657708737,0,0,0,0,0,0,0
28.25,0.2911069312358946,0.710217105321224,0,0,0,-0.47909172989952475,-0.5463712709655506,0.4335658455991279,-1.9919960590301093,0,-0.22646727720750004,-0.1845022740209845,0.5873292157974231,-2.9422086786611628,0,0,0,0,0,0,0,0,0,0,0,0,0,0,0,0,0,0,0,0,0,0,0,0,0,0,0.16181547039961006,-0.11779949628203346,-0.11119721030477625,0,0,0,0,0,0,0
28.5,0.28995529450169233,0.6978199066409342,0,0,0,-0.4643677590750257,-0.5413834847982946,0.42865858020176045,-1.9903691517715663,0,-0.2262219498500848,-0.18295331574866358,0.5849104127947929,-2.9429920769313602,0,0,0,0,0,0,0,0,0,0,0,0,0,0,0,0,0,0,0,0,0,0,0,0,0,0,0.16200014206675453,-0.116717228577363,-0.11260022040820061,0,0,0,0,0,0,0
28.75,0.2860996075718044,0.6858251686008726,0,0,0,-0.4495678630143676,-0.536937900351528,0.42481431328432206,-1.9869118993427732,0,-0.22242067585838377,-0.1814607540745259,0.5817145111379317,-2.9440577270105965,0,0,0,0,0,0,0,0,0,0,0,0,0,0,0,0,0,0,0,0,0,0,0,0,0,0,0.16195414700524577,-0.11621253237580897,-0.11305500050585593,0,0,0,0,0,0,0
29.0,0.2820770733956243,0.6876662825483456,0,0,0,-0.4513672966857447,-0.538010429440491,0.4243958651810435,-1.984693806546295,0,-0.21722875187944202,-0.1813819102681582,0.5815339425088427,-2.9415672755773166,0,0,0,0,0,0,0,0,0,0,0,0,0,0,0,0,0,0,0,0,0,0,0,0,0,0,0.1621192657859808,-0.11666464854006509,-0.11282673192750514,0,0,0,0,0,0,0
29.25,0.2688460384935787,0.6922415045064956,0,0,0,-0.4539410478855528,-0.5422200767023031,0.4318929392749608,-1.9810832232997833,0,-0.19888866758804502,-0.1821012210057249,0.5763374499894361,-2.9372851373175433,0,0,0,0,0,0,0,0,0,0,0,0,0,0,0,0,0,0,0,0,0,0,0,0,0,0,0.1613680198733457,-0.11766919779120077,-0.11068078051648533,0,0,0,0,0,0,0
29.5,0.2544317301378515,0.6960831833495709,0,0,0,-0.4593888872503582,-0.5430842247021963,0.44160582306686474,-1.979261222031514,0,-0.1788720402458548,-0.18191973025353247,0.5716725881728615,-2.931737741399592,0,0,0,0,0,0,0,0,0,0,0,0,0,0,0,0,0,0,0,0,0,0,0,0,0,0,0.16115201499258835,-0.11822639187109107,-0.10976669143139128,0,0,0,0,0,0,0
29.75,0.23870217560655274,0.6995062164433068,0,0,0,-0.4682402354909474,-0.5404968536290946,0.46365933800272363,-1.9763066443674944,0,-0.15403352250280333,-0.18308059620684047,0.5547823392148498,-2.9242608542841833,0,0,0,0,0,0,0,0,0,0,0,0,0,0,0,0,0,0,0,0,0,0,0,0,0,0,0.16086289402269358,-0.11684199488262936,-0.1108187780587897,0,0,0,0,0,0,0
30.0,0.25542961269102765,0.6997086755360494,0,0,0,-0.46726661953805815,-0.5415989635851965,0.44810501424802945,-1.968678077804145,0,-0.17770622272702163,-0.18445734158223437,0.571990112852318,-2.928238215187691,0,0,0,0,0,0,0,0,0,0,0,0,0,0,0,0,0,0,0,0,0,0,0,0,0,0,0.16113452309788975,-0.1161762026189348,-0.11191008319817586,0,0,0,0,0,0,0
30.25,0.2811457705697717,0.7008400441604007,0,0,0,-0.47158080541073666,-0.539541555708142,0.42119591770510467,-1.9612333827298782,0,-0.21271855397118178,-0.1852405672639892,0.5997179171394346,-2.9324603287906026,0,0,0,0,0,0,0,0,0,0,0,0,0,0,0,0,0,0,0,0,0,0,0,0,0,0,0.16131978615395215,-0.11358198198942948,-0.11480410729965662,0,0,0,0,0,0,0
30.5,0.2859608888658633,0.6959787187477233,0,0,0,-0.46371704812622205,-0.53935759180218,0.41099784613887486,-1.956442922445228,0,-0.2199487139819496,-0.184246071358245,0.6039813751299548,-2.9346608099352487,0,0,0,0,0,0,0,0,0,0,0,0,0,0,0,0,0,0,0,0,0,0,0,0,0,0,0.16065246107019795,-0.11348242898907568,-0.1139596279867976,0,0,0,0,0,0,0
30.75,0.2935390284293618,0.6898882447176811,0,0,0,-0.4553888505490873,-0.5377923300441978,0.3952089948093373,-1.9512052061834546,0,-0.23125062161323773,-0.1824419669646309,0.6147698817903957,-2.9355008434696055,0,0,0,0,0,0,0,0,0,0,0,0,0,0,0,0,0,0,0,0,0,0,0,0,0,0,0.16031267079378692,-0.11340980023404645,-0.11355062036476915,0,0,0,0,0,0,0
31.0,0.31622223130734645,0.720860221033241,0,0,0,-0.45467560500968807,-0.5804929052297494,0.4073597338119878,-1.9542335865598017,0,-0.2595883448468337,-0.1826605394448344,0.5139727601764117,-2.940461535003721,0,0,0,0,0,0,0,0,0,0,0,0,0,0,0,0,0,0,0,0,0,0,0,0,0,0,0.15837447192942353,-0.12693539639125961,-0.09496523709207771,0,0,0,0,0,0,0
31.25,0.680969053654462,0.792610754859135,0,0,0,-0.6084162322062019,-0.5442708101085745,0.5279147737052632,-1.996063598942587,0,-0.6574982396537705,-0.19210596588274664,1.0882754879472931,-3.064449841750719,0,0,0,0,0,0,0,0,0,0,0,0,0,0,0,0,0,0,0,0,0,0,0,0,0,0,0.16332093003726716,-0.09907052777466285,-0.13005457611532267,0,0,0,0,0,0,0
31.5,0.5408761365401248,0.7319978011934093,0,0,0,-0.5420547893946117,-0.5190054393381103,0.5428949511526834,-1.9634449518523638,0,-0.5149072924337745,-0.17359140683741137,1.0123790065708944,-3.330088133460629,0,0,0,0,0,0,0,0,0,0,0,0,0,0,0,0,0,0,0,0,0,0,0,0,0,0,0.14738778901847618,-0.07827202942714484,-0.12501444858555422,0,0,0,0,0,0,0
31.75,0.4348613989263031,0.6981803612994727,0,0,0,-0.485103055916583,-0.5238162352849058,0.5756072857542694,-1.979513643040121,0,-0.400415422568841,-0.17440889269800186,0.8703041221520835,-3.4130516597650438,0,0,0,0,0,0,0,0,0,0,0,0,0,0,0,0,0,0,0,0,0,0,0,0,0,0,0.1482864801805937,-0.07104203110106133,-0.13027087865559372,0,0,0,0,0,0,0
32.0,0.4344146873310433,0.6887396796500775,0,0,0,-0.4580538165147252,-0.5339932630642936,0.5914759030903818,-2.0176362532344023,0,-0.39648321855844726,-0.18243776869661632,0.8033033161470434,-3.37318341711174,0,0,0,0,0,0,0,0,0,0,0,0,0,0,0,0,0,0,0,0,0,0,0,0,0,0,0.15441553082822734,-0.06754753167968386,-0.13896367749726424,0,0,0,0,0,0,0
32.25,0.4340676188055618,0.6796702191386417,0,0,0,-0.42961844202618593,-0.5442300308409922,0.6173428524956168,-2.0698210106360158,0,-0.3925078524743628,-0.19036011215645043,0.7598717375125376,-3.322102194139863,0,0,0,0,0,0,0,0,0,0,0,0,0,0,0,0,0,0,0,0,0,0,0,0,0,0,0.16040862966397093,-0.0638680224698398,-0.14724583236813826,0,0,0,0,0,0,0
32.5,0.43381539865018814,0.671077869212679,0,0,0,-0.39973723645859205,-0.554474880045317,0.6594789667822801,-2.142168856494616,0,-0.3884887374792583,-0.19817481855362074,0.7372715666906117,-3.268607734589841,0,0,0,0,0,0,0,0,0,0,0,0,0,0,0,0,0,0,0,0,0,0,0,0,0,0,0.16620693212219306,-0.05998851951368889,-0.15509684095982146,0,0,0,0,0,0,0
32.75,0.43365316927066666,0.6630797468958967,0,0,0,-0.36835462477897307,-0.5646681076118893,0.7282691249425863,-2.2438668382726106,0,-0.3844252794027201,-0.20588081348023546,0.730288765358264,-3.2180537081360643,0,0,0,0,0,0,0,0,0,0,0,0,0,0,0,0,0,0,0,0,0,0,0,0,0,0,0.1717572123962898,-0.055892388724465114,-0.1624934775735254,0,0,0,0,0,0,0
33.0,0.4335760251895346,0.6558033784200826,0,0,0,-0.33542115247911064,-0.5747415571026626,0.8397347406859271,-2.387479012763757,0,-0.38031687674922776,-0.213477050615954,0.7335932710007503,-3.1728825865823906,0,0,0,0,0,0,0,0,0,0,0,0,0,0,0,0,0,0,0,0,0,0,0,0,0,0,0.17701018485251327,-0.05156111426728316,-0.16940939571991986,0,0,0,0,0,0,0
33.25,0.43357902744176513,0.6493851495607501,0,0,0,-0.3008958250020328,-0.584618384926169,1.0135654627534618,-2.583232002278483,0,-0.3761629207135715,-0.22096250963341646,0.7429681400807162,-3.1337638121079174,0,0,0,0,0,0,0,0,0,0,0,0,0,0,0,0,0,0,0,0,0,0,0,0,0,0,0.18191912384025893,-0.04697402717254606,-0.17581465867375434,0,0,0,0,0,0,0
33.5,0.43433426808565956,0.6482420827284382,0,0,0,-0.29899256261363893,-0.5841978251807078,0.9851340407039382,-2.5517222211202406,0,-0.37771099012128717,-0.2197892149655023,0.7435408380020702,-3.1320182442726736,0,0,0,0,0,0,0,0,0,0,0,0,0,0,0,0,0,0,0,0,0,0,0,0,0,0,0.18062244761407006,-0.04867001210950517,-0.17401051455902938,0,0,0,0,0,0,0
33.75,0.43390088523283216,0.646845855306855,0,0,0,-0.29732175122331816,-0.5833765248416696,0.9648115020232245,-2.5294869257071544,0,-0.3775944761278289,-0.21909558955568698,0.741035211100032,-3.1288299017036962,0,0,0,0,0,0,0,0,0,0,0,0,0,0,0,0,0,0,0,0,0,0,0,0,0,0,0.17987340416826778,-0.04937650641641622,-0.17303406327750825,0,0,0,0,0,0,0
34.0,0.4346306845240402,0.6433907949554246,0,0,0,-0.29250955984147375,-0.5816487204601701,0.9301951347134818,-2.496255754185145,0,-0.3786538378107476,-0.2187254665581062,0.7342057591543625,-3.1249893977929646,0,0,0,0,0,0,0,0,0,0,0,0,0,0,0,0,0,0,0,0,0,0,0,0,0,0,0.17985923123502132,-0.04879776954572823,-0.17318192196992244,0,0,0,0,0,0,0
34.25,0.434951458424941,0.6411117293711143,0,0,0,-0.2887783868041016,-0.5807523615923813,0.909171414946604,-2.4757350313431328,0,-0.3789837195960546,-0.2188049476731495,0.7315818959769776,-3.1220455533848224,0,0,0,0,0,0,0,0,0,0,0,0,0,0,0,0,0,0,0,0,0,0,0,0,0,0,0.17969038470907922,-0.048017593893944444,-0.17322256311260809,0,0,0,0,0,0,0
34.5,0.4420200277505956,0.64801100598155,0,0,0,-0.2974151038681885,-0.5846662590832197,1.0022199266096588,-2.5380111345537384,0,-0.3884901540019976,-0.21643710870185906,0.7645691362947055,-3.1290435569645214,0,0,0,0,0,0,0,0,0,0,0,0,0,0,0,0,0,0,0,0,0,0,0,0,0,0,0.1760572676388658,-0.05504297193680863,-0.16731635752731955,0,0,0,0,0,0,0
34.75,0.4441002284901119,0.6880535959397085,0,0,0,-0.3894856892978331,-0.5826217412072396,2.0728224837456577,-2.2773232452656624,0,-0.39534085304743205,-0.20787498253737358,0.9693255871404357,-3.158924421082231,0,0,0,0,0,0,0,0,0,0,0,0,0,0,0,0,0,0,0,0,0,0,0,0,0,0,0.16792195010362748,-0.07133039896754378,-0.1521482518981081,0,0,0,0,0,0,0
35.0,0.4193958989507209,0.7430124791400339,0,0,0,-0.4461974461966398,-0.6157162131331773,2.1500364826770397,-2.1434973135047515,0,-0.36907864128803936,-0.2039229407131471,1.1183278728523767,-3.152484466604668,0,0,0,0,0,0,0,0,0,0,0,0,0,0,0,0,0,0,0,0,0,0,0,0,0,0,0.160872035458842,-0.09549426064588995,-0.12966051681173463,0,0,0,0,0,0,0
35.25,0.3626301736450089,0.8204726358686034,0,0,0,-0.5085849625857288,-0.675038034202867,2.0330963441160237,-2.178313992579089,0,-0.30576730531159946,-0.19809281036324666,1.2176844193226024,-3.1258031632482077,0,0,0,0,0,0,0,0,0,0,0,0,0,0,0,0,0,0,0,0,0,0,0,0,0,0,0.16445836428180718,-0.13575166365093883,-0.09312036666504486,0,0,0,0,0,0,0
35.5,0.46646726800701127,0.6880063600725583,0,0,0,-0.40501567350327194,-0.5725645599171121,2.2102706968356296,-2.198638667691446,0,-0.420994034857499,-0.20719425759974963,0.9911050937965394,-3.183325104877262,0,0,0,0,0,0,0,0,0,0,0,0,0,0,0,0,0,0,0,0,0,0,0,0,0,0,0.16930711107902124,-0.06799280437032484,-0.15517426816240198,0,0,0,0,0,0,0
35.75,0.45562739663435514,0.6634754247924756,0,0,0,-0.3708168410835726,-0.5636492990869963,1.3888595455346577,-2.6143602508284176,0,-0.4116112570739905,-0.20122494012999148,0.7556513311034906,-3.135090518958406,0,0,0,0,0,0,0,0,0,0,0,0,0,0,0,0,0,0,0,0,0,0,0,0,0,0,0.16677902312131443,-0.05859260581347736,-0.15623743187459094,0,0,0,0,0,0,0
36.0,0.476213630661458,0.6884464370137725,0,0,0,-0.42441262682128644,-0.5596968621675171,1.4761464698483353,-2.4327843288700843,0,-0.43705270753278747,-0.1955415606966473,0.7681762762487659,-3.15127472209546,0,0,0,0,0,0,0,0,0,0,0,0,0,0,0,0,0,0,0,0,0,0,0,0,0,0,0.16178111958220875,-0.06040433465488215,-0.1501729777870262,0,0,0,0,0,0,0
36.25,0.3019508234928427,0.7090097410520836,0,0,0,-0.4464131324729843,-0.5707985372630167,0.8528231983768452,-2.1732785624769866,0,-0.2589899484788709,-0.1570130308840394,0.5938989272214484,-3.1591493560403783,0,0,0,0,0,0,0,0,0,0,0,0,0,0,0,0,0,0,0,0,0,0,0,0,0,0,0.13994659398245832,-0.09019701020345305,-0.10714813598389683,0,0,0,0,0,0,0
36.5,0.27844023135486856,0.682047553071373,0,0,0,-0.40508783536900816,-0.5648995446481844,1.1580187102558104,-2.2044994326052936,0,-0.23497366681927456,-0.1507878362743098,0.6452503624118214,-3.201965531193293,0,0,0,0,0,0,0,0,0,0,0,0,0,0,0,0,0,0,0,0,0,0,0,0,0,0,0.13273343549600802,-0.08519431697193425,-0.10190803910758972,0,0,0,0,0,0,0
36.75,0.3734256179289484,0.7453731563959073,0,0,0,-0.4752250168531047,-0.5980955192785333,0.777090193080017,-2.166006068632306,0,-0.3382922896850371,-0.16126509157297964,0.8512923795735734,-3.3237710153056885,0,0,0,0,0,0,0,0,0,0,0,0,0,0,0,0,0,0,0,0,0,0,0,0,0,0,0.1410031207216946,-0.10648641934503056,-0.09260117254798028,0,0,0,0,0,0,0
37.0,0.9596630185926878,0.8608313723293087,0,0,0,-0.6681382504674493,-0.5910562315175878,0.577760139729039,-2.145219363069654,0,-0.9461026396627163,-0.19472257207442123,2.1091287511552443,-3.0106689633716566,0,0,0,0,0,0,0,0,0,0,0,0,0,0,0,0,0,0,0,0,0,0,0,0,0,0,0.16918214263828119,-0.12269916539471892,-0.11677360078583554,0,0,0,0,0,0,0
